source,target,maxDelay,minDelay,stdDev,connections,avgDelay
Berlin Gesundbrunnen,Berlin Ostbahnhof,132.0,-43.0,30.70978,8.0,0.23799
Berlin Ostbahnhof,Berlin Hbf,319.0,-42.0,57.40926,50.0,-0.57027
Berlin Hbf,Berlin-Spandau,46.0,-102.0,44.39885,71.0,-0.87389
Berlin-Spandau,Hannover Hbf,111.0,-38.0,33.89017,11.0,0.05061
Hannover Hbf,Herford,59.0,-15.0,15.60126,5.0,1.23574
Herford,Bielefeld Hbf,120.0,-27.0,19.486,14.0,0.79055
Bielefeld Hbf,Hagen Hbf,123.0,-191.0,47.74484,8.0,3.73904
Hagen Hbf,Wuppertal Hbf,114.0,-29.0,28.729,33.0,2.58526
Wuppertal Hbf,Gütersloh Hbf,191.0,-53.0,32.86894,2.0,6.33628
Gütersloh Hbf,Gelsenkirchen Hbf,4.0,-192.0,27.84823,1.0,-8.50943
Gelsenkirchen Hbf,Hamm (Westf) Hbf,201.0,-6.0,28.87636,1.0,10.33962
Hamm (Westf) Hbf,Dortmund Hbf,145.0,-191.0,63.6661,35.0,-0.12285
Dortmund Hbf,Bochum Hbf,46.0,-103.0,34.79468,35.0,-0.7133
Bochum Hbf,Essen Hbf,120.0,-6.0,29.45231,36.0,0.41898
Essen Hbf,Mülheim (Ruhr) Hbf,2.0,-56.0,7.3087,3.0,-0.34104
Mülheim (Ruhr) Hbf,Duisburg Hbf,53.0,-2.0,8.53477,4.0,0.85837
Duisburg Hbf,Düsseldorf Hbf,50.0,-67.0,25.28801,49.0,1.54581
Düsseldorf Hbf,Solingen Hbf,128.0,-213.0,101.9232,24.0,-2.87099
Solingen Hbf,Köln Hbf,212.0,-42.0,81.65119,21.0,10.25356
Köln Hbf,Düsseldorf Hbf,127.0,-99.0,64.587,39.0,0.37517
Düsseldorf Hbf,Wuppertal Hbf,212.0,-76.0,71.89646,12.0,10.94678
Wuppertal Hbf,Hagen Hbf,33.0,-4.0,19.0869,35.0,1.44266
Hagen Hbf,Hamm (Westf) Hbf,65.0,-55.0,28.16988,9.0,-1.24506
Hamm (Westf) Hbf,Bielefeld Hbf,109.0,-136.0,55.11682,25.0,2.49515
Bielefeld Hbf,Hannover Hbf,168.0,-110.0,76.52972,23.0,2.44604
Hannover Hbf,Wolfsburg Hbf,131.0,-134.0,61.91558,27.0,-0.99669
Wolfsburg Hbf,Berlin-Spandau,106.0,-78.0,55.5289,28.0,-1.30448
Berlin-Spandau,Berlin Hbf,105.0,-109.0,73.07053,79.0,0.78699
Berlin Hbf,Berlin Ostbahnhof,161.0,-117.0,77.09844,50.0,0.82726
Karlsruhe Hbf,Pforzheim Hbf,11.0,-29.0,6.85679,6.0,-0.5
Pforzheim Hbf,Mühlacker,6.0,-2.0,1.94803,7.0,-0.16425
Mühlacker,Vaihingen (Enz),20.0,-2.0,5.9037,5.0,0.94218
Vaihingen (Enz),Stuttgart Hbf,103.0,-18.0,19.2552,11.0,0.68323
Stuttgart Hbf,Schwäbisch Gmünd,94.0,-53.0,17.33132,6.0,1.39548
Schwäbisch Gmünd,Aalen Hbf,62.0,-5.0,9.18044,8.0,-0.45032
Aalen Hbf,Ellwangen,23.0,-4.0,6.65297,8.0,0.20085
Ellwangen,Crailsheim,52.0,-5.0,11.92597,7.0,1.36232
Crailsheim,Ansbach,16.0,-3.0,4.8355,8.0,0.05708
Ansbach,Nürnberg Hbf,68.0,-7.0,13.83921,8.0,-2.00634
Emden Hbf,Leer (Ostfriesl),14.0,-100.0,17.30783,21.0,-0.29337
Leer (Ostfriesl),Augustfehn,22.0,-22.0,8.15795,9.0,0.19021
Augustfehn,Westerstede-Ocholt,12.0,-2.0,4.12832,10.0,0.1547
Westerstede-Ocholt,Bad Zwischenahn,14.0,-3.0,3.09616,10.0,-0.33333
Bad Zwischenahn,Oldenburg (Oldb) Hbf,10.0,-2.0,4.44162,10.0,0.25599
Oldenburg (Oldb) Hbf,Hude,26.0,-3.0,5.6232,10.0,0.34991
Hude,Delmenhorst,7.0,-1.0,3.07354,8.0,0.60325
Delmenhorst,Bremen Hbf,32.0,-80.0,12.92449,11.0,-0.39531
Bremen Hbf,Verden (Aller),45.0,-3.0,12.58173,7.0,2.47971
Verden (Aller),Minden (Westf),19.0,-39.0,13.1154,3.0,-5.03352
Minden (Westf),Nienburg (Weser),39.0,-9.0,14.28667,4.0,5.42259
Nienburg (Weser),Hannover Hbf,234.0,-75.0,38.42518,8.0,1.70913
Hannover Hbf,Braunschweig Hbf,45.0,-23.0,17.99942,15.0,0.45513
Braunschweig Hbf,Helmstedt,29.0,-39.0,10.89702,10.0,0.35424
Helmstedt,Magdeburg Hbf,61.0,-4.0,14.23489,9.0,0.47547
Magdeburg Hbf,Köthen,53.0,-223.0,39.75102,18.0,1.32195
Köthen,Halle (Saale) Hbf,54.0,-5.0,10.28048,18.0,-0.12319
Halle (Saale) Hbf,Leipzig Hbf,56.0,-122.0,29.57614,20.0,1.04735
Düsseldorf Hbf,Düsseldorf Flughafen,92.0,-54.0,20.36053,20.0,-0.69921
Düsseldorf Flughafen,Duisburg Hbf,45.0,-3.0,14.70493,19.0,0.92674
Duisburg Hbf,Oberhausen Hbf,8.0,-75.0,31.45702,10.0,-3.81504
Oberhausen Hbf,Gelsenkirchen Hbf,94.0,-55.0,23.26014,9.0,1.99769
Gelsenkirchen Hbf,Wanne-Eickel Hbf,4.0,-2.0,2.46824,9.0,-0.01392
Wanne-Eickel Hbf,Recklinghausen Hbf,40.0,-72.0,16.50612,8.0,0.16887
Recklinghausen Hbf,Münster (Westf) Hbf,105.0,-6.0,41.56334,9.0,5.96789
Münster (Westf) Hbf,Rheine,53.0,-55.0,15.29273,10.0,0.22814
Rheine,Lingen (Ems),15.0,-68.0,11.1272,9.0,0.62802
Lingen (Ems),Meppen,17.0,-4.0,5.52159,9.0,-1.12319
Meppen,Papenburg (Ems),51.0,-16.0,13.40029,9.0,-0.46618
Papenburg (Ems),Leer (Ostfriesl),117.0,-7.0,21.38191,9.0,-0.09179
Leer (Ostfriesl),Emden Hbf,48.0,-41.0,16.66789,18.0,0.48363
Emden Hbf,Norden,102.0,-24.0,15.21973,5.0,0.61303
Norden,Norddeich,36.0,-91.0,19.55137,8.0,-1.41667
Norddeich,Norddeich Mole,43.0,-191.0,29.42496,7.0,0.09351
Berlin Gesundbrunnen,Warnemünde,0.0,-20.0,2.60378,1.0,-0.33898
Warnemünde,Rostock Hbf,8.0,-6.0,3.67428,6.0,-0.31373
Rostock Hbf,Berlin Hbf,12.0,-21.0,4.9842,1.0,-2.94915
Berlin Hbf,Bützow,9.0,-20.0,5.83241,1.0,0.01695
Bützow,Bad Kleinen,3.0,-5.0,2.35255,5.0,-0.2069
Bad Kleinen,Schwerin Hbf,6.0,-4.0,2.30702,4.0,0.52761
Schwerin Hbf,Ludwigslust,14.0,-9.0,4.25658,4.0,0.63842
Ludwigslust,Wittenberge,42.0,-6.0,11.64324,18.0,0.00105
Wittenberge,Stendal Hbf,29.0,-5.0,6.11394,4.0,0.69274
Stendal Hbf,Magdeburg Hbf,31.0,-3.0,9.01574,4.0,2.53631
Karlsruhe Hbf,Bruchsal,8.0,-6.0,3.57186,10.0,0.19246
Bruchsal,Esslingen (Neckar),0.0,-17.0,3.09049,2.0,-2.02564
Esslingen (Neckar),Stuttgart Hbf,374.0,-66.0,75.73105,22.0,5.78078
Stuttgart Hbf,Ulm Hbf,113.0,-218.0,47.31605,28.0,-0.79682
Ulm Hbf,Augsburg Hbf,179.0,-28.0,49.85152,28.0,0.82464
Augsburg Hbf,München-Pasing,49.0,-181.0,62.15205,39.0,-1.35231
München-Pasing,München Hbf,200.0,-172.0,73.19668,38.0,1.20292
Berlin Südkreuz,Berlin Hbf,150.0,-116.0,53.89306,71.0,0.58318
Berlin-Spandau,Stendal Hbf,99.0,-22.0,19.92262,14.0,-0.32952
Stendal Hbf,Wolfsburg Hbf,33.0,-38.0,13.45522,13.0,-0.01376
Wolfsburg Hbf,Braunschweig Hbf,89.0,-25.0,24.89865,14.0,0.89362
Braunschweig Hbf,Hildesheim Hbf,18.0,-3.0,6.8172,11.0,1.09048
Hildesheim Hbf,Göttingen,40.0,-63.0,12.91317,13.0,-0.54351
Göttingen,Kassel-Wilhelmshöhe,197.0,-69.0,69.53998,46.0,1.59761
Kassel-Wilhelmshöhe,Fulda,56.0,-119.0,38.55348,27.0,-1.16789
München Hbf,Nürnberg Hbf,133.0,-23.0,44.27596,37.0,2.19786
Nürnberg Hbf,Erfurt Hbf,327.0,-94.0,54.41926,15.0,1.27926
Erfurt Hbf,Halle (Saale) Hbf,55.0,-93.0,32.71698,22.0,-0.934
Halle (Saale) Hbf,Berlin Südkreuz,104.0,-107.0,41.55593,22.0,1.42741
Berlin Hbf,Berlin Gesundbrunnen,74.0,-41.0,36.03261,20.0,0.59609
München Hbf,München-Pasing,56.0,-60.0,23.63025,38.0,-0.94115
München-Pasing,Augsburg Hbf,69.0,-10.0,31.98747,39.0,1.14093
Augsburg Hbf,Günzburg,16.0,-31.0,9.2808,4.0,0.14035
Günzburg,Ulm Hbf,29.0,-16.0,6.31847,4.0,0.8114
Ulm Hbf,Esslingen (Neckar),12.0,-128.0,39.92379,17.0,-4.32485
Stuttgart Hbf,Mannheim Hbf,72.0,-145.0,36.69349,34.0,0.28564
Mannheim Hbf,Heidelberg Hbf,116.0,-117.0,69.18988,19.0,-3.95665
Heidelberg Hbf,Bensheim,23.0,-15.0,7.28098,6.0,1.15284
Bensheim,Darmstadt Hbf,163.0,-4.0,26.43482,12.0,0.44699
Darmstadt Hbf,Frankfurt (Main) Hbf,44.0,-46.0,16.09141,11.0,1.78102
Köln Hbf,Köln/Bonn Flughafen,35.0,-11.0,7.65355,2.0,2.19328
Köln/Bonn Flughafen,Siegburg/Bonn,12.0,-5.0,3.16721,3.0,-0.12865
Siegburg/Bonn,Montabaur,50.0,-40.0,14.72753,16.0,-0.84048
Montabaur,Limburg Süd,12.0,-105.0,17.13498,21.0,-0.82202
Limburg Süd,Frankfurt am Main Flughafen Fernbahnhof,104.0,-12.0,36.15766,17.0,2.74055
Frankfurt am Main Flughafen Fernbahnhof,Frankfurt (Main) Hbf,164.0,-78.0,47.11362,43.0,0.26099
Frankfurt (Main) Hbf,Hanau Hbf,65.0,-92.0,26.91814,9.0,-0.05252
Hanau Hbf,Aschaffenburg Hbf,130.0,-81.0,35.41506,6.0,4.11978
Aschaffenburg Hbf,Würzburg Hbf,148.0,-39.0,40.2096,17.0,0.08383
Würzburg Hbf,Nürnberg Hbf,107.0,-46.0,40.1944,39.0,-0.02407
Nürnberg Hbf,Ingolstadt Hbf,55.0,-106.0,43.61854,26.0,-1.09816
Ingolstadt Hbf,München Hbf,156.0,-53.0,42.66655,25.0,1.55983
Kassel-Wilhelmshöhe,Göttingen,284.0,-185.0,62.37909,50.0,0.70192
Göttingen,Hildesheim Hbf,32.0,-89.0,15.67398,15.0,-0.07365
Hildesheim Hbf,Braunschweig Hbf,84.0,-6.0,15.60967,16.0,-0.07535
Braunschweig Hbf,Wolfsburg Hbf,88.0,-84.0,28.54268,20.0,-0.1717
Oberstdorf,Fischen,8.0,-2.0,1.81254,2.0,0.51667
Fischen,Sonthofen,11.0,0.0,3.52024,2.0,4.01667
Sonthofen,Immenstadt,57.0,-3.0,7.87383,2.0,0.08333
Immenstadt,Kempten (Allgäu) Hbf,15.0,-4.0,2.93407,2.0,0.025
Kempten (Allgäu) Hbf,Kaufbeuren,8.0,-10.0,2.61871,1.0,-1.3
Kaufbeuren,Buchloe,24.0,-3.0,3.33493,1.0,-0.71667
Buchloe,Augsburg Hbf,14.0,-5.0,4.18833,1.0,1.48333
Augsburg Hbf,Donauwörth,34.0,-7.0,9.82468,9.0,1.08654
Donauwörth,Treuchtlingen,37.0,-35.0,11.47298,5.0,0.25887
Treuchtlingen,Ansbach,4.0,-16.0,4.5896,2.0,-4.9
Ansbach,Würzburg Hbf,20.0,-3.0,5.76469,2.0,2.83333
Würzburg Hbf,Fulda,61.0,-13.0,22.123,18.0,-0.06832
Fulda,Kassel-Wilhelmshöhe,168.0,-152.0,58.84874,34.0,-0.30862
Göttingen,Hannover Hbf,105.0,-19.0,37.60084,32.0,0.06482
Hannover Hbf,Celle,133.0,-76.0,65.95938,20.0,1.12032
Celle,Uelzen,123.0,-114.0,38.35551,19.0,-0.47339
Uelzen,Lüneburg,160.0,-127.0,33.09149,19.0,-0.27696
Lüneburg,Hamburg-Harburg,125.0,-123.0,52.65597,22.0,1.40132
Hamburg-Harburg,Hamburg Hbf,175.0,-221.0,90.70654,56.0,3.46177
Hamburg Hbf,Hamburg Dammtor,97.0,-300.0,69.86374,41.0,-0.08129
Hamburg Dammtor,Hamburg-Altona,94.0,-285.0,66.65303,34.0,-1.52328
München Hbf,Ingolstadt Hbf,82.0,-57.0,26.22379,27.0,0.51176
Ingolstadt Hbf,Nürnberg Hbf,94.0,-61.0,41.27617,30.0,1.43887
Nürnberg Hbf,Würzburg Hbf,220.0,-56.0,47.29988,39.0,0.56856
Würzburg Hbf,Kassel-Wilhelmshöhe,207.0,-57.0,39.37629,1.0,-0.55932
Göttingen,Celle,242.0,-129.0,48.66043,1.0,10.91525
Celle,Hannover Hbf,62.0,-103.0,23.60807,16.0,-0.01362
Hannover Hbf,Uelzen,20.0,-160.0,22.31661,1.0,-4.62712
Kassel-Wilhelmshöhe,Düsseldorf Hbf,0.0,0.0,0.0,1.0,0.0
Duisburg Hbf,Essen Hbf,347.0,-121.0,59.51414,59.0,-0.18658
Essen Hbf,Eisenach,0.0,0.0,0.0,1.0,0.0
Eisenach,Gotha,26.0,-46.0,9.5551,15.0,-0.15802
Gotha,Bochum Hbf,38.0,-12.0,5.87112,1.0,-0.06667
Bochum Hbf,Erfurt Hbf,0.0,0.0,0.0,1.0,0.0
Erfurt Hbf,Köln Hbf,0.0,0.0,0.0,1.0,0.0
Köln Hbf,Dortmund Hbf,80.0,0.0,11.87052,1.0,4.65
Dortmund Hbf,Gera Hbf,0.0,0.0,0.0,1.0,0.0
Gera Hbf,Hermsdorf-Klosterlausnitz,3.0,-2.0,1.15527,4.0,-0.18696
Hermsdorf-Klosterlausnitz,Stadtroda,4.0,-1.0,1.24624,4.0,0.00435
Stadtroda,Jena-Göschwitz,2.0,-1.0,0.9457,4.0,0.03913
Jena-Göschwitz,Weimar,2.0,-1.0,0.45721,1.0,0.16667
Wolfsburg Hbf,Hannover Hbf,165.0,-46.0,65.97522,34.0,1.19782
Hannover Hbf,Nienburg (Weser),75.0,-14.0,18.04514,9.0,1.59283
Nienburg (Weser),Verden (Aller),57.0,-11.0,9.41653,9.0,0.02321
Verden (Aller),Hamburg-Harburg,18.0,-99.0,19.64826,1.0,-7.26786
Hamburg-Harburg,Bremen Hbf,191.0,-15.0,43.61623,18.0,2.77006
Bremen Hbf,Delmenhorst,38.0,-101.0,16.16272,11.0,0.25464
Delmenhorst,Oldenburg (Oldb) Hbf,104.0,-8.0,15.55658,2.0,3.76667
Hamburg Hbf,Hamburg-Harburg,102.0,-168.0,66.8032,52.0,-3.03325
Hamburg-Harburg,Hannover Hbf,111.0,-19.0,49.76792,9.0,10.65472
Hannover Hbf,Göttingen,91.0,-78.0,43.07842,35.0,0.26
Fulda,Würzburg Hbf,56.0,-74.0,29.6647,19.0,-0.05145
Nürnberg Hbf,Erlangen,38.0,-39.0,14.55473,16.0,1.03523
Erlangen,Bamberg,40.0,-3.0,12.04023,14.0,1.55102
Bamberg,Lichtenfels,17.0,-4.0,7.47081,5.0,1.07333
Lichtenfels,Kronach,7.0,-6.0,3.05167,5.0,-0.44333
Kronach,Ludwigsstadt,7.0,-5.0,2.90013,5.0,-0.12
Ludwigsstadt,Saalfeld (Saale),11.0,-5.0,4.39057,5.0,-1.95667
Saalfeld (Saale),Rudolstadt (Thür),3.0,-75.0,9.76025,5.0,-0.81667
Rudolstadt (Thür),Jena-Göschwitz,12.0,-2.0,3.29479,5.0,-0.01
Jena-Göschwitz,Jena Paradies,79.0,-2.0,10.46473,6.0,-0.08914
Jena Paradies,Naumburg (Saale) Hbf,61.0,-4.0,10.58347,6.0,-0.15042
Naumburg (Saale) Hbf,Weißenfels,6.0,-2.0,1.70835,6.0,0.06128
Weißenfels,Leipzig Hbf,15.0,-3.0,5.06955,6.0,0.32033
Treuchtlingen,Nürnberg Hbf,37.0,-5.0,7.63738,3.0,-0.12346
Bamberg,Coburg,10.0,-50.0,7.3594,2.0,0.00893
Coburg,Erfurt Hbf,211.0,-16.0,31.0612,3.0,1.0407
Erfurt Hbf,Leipzig Hbf,98.0,-109.0,44.59297,30.0,-1.03167
Köln Hbf,Siegburg/Bonn,64.0,-70.0,25.95508,13.0,0.18207
Frankfurt (Main) Hbf,Friedberg (Hess),17.0,-35.0,6.76172,6.0,-0.07075
Friedberg (Hess),Gießen,17.0,-2.0,6.70262,6.0,0.32973
Gießen,Marburg (Lahn),7.0,-2.0,4.02559,8.0,0.00752
Marburg (Lahn),Treysa,13.0,-4.0,5.16022,8.0,0.1391
Treysa,Wabern (Bz Kassel),3.0,-3.0,2.39891,6.0,-0.34595
Wabern (Bz Kassel),Kassel-Wilhelmshöhe,16.0,-3.0,8.34969,5.0,0.48256
Hamburg-Altona,Hamburg Dammtor,59.0,-33.0,21.98726,40.0,0.15964
Hamburg Dammtor,Hamburg Hbf,39.0,-40.0,12.58362,45.0,0.0602
Hamburg Hbf,Ludwigslust,89.0,-153.0,32.58988,12.0,-2.15294
Ludwigslust,Berlin-Spandau,71.0,-11.0,18.84123,4.0,-0.34632
Berlin Hbf,Berlin Südkreuz,118.0,-133.0,56.02534,61.0,-0.07595
Wolfsburg Hbf,Stendal Hbf,146.0,-45.0,28.54196,15.0,0.46354
Stendal Hbf,Berlin-Spandau,65.0,-147.0,42.90144,16.0,-1.69082
Norddeich Mole,Norddeich,38.0,-26.0,8.05984,7.0,-0.53883
Norddeich,Norden,35.0,-6.0,5.15011,9.0,0.08264
Norden,Emden Hbf,65.0,-7.0,11.81069,6.0,1.11782
Leer (Ostfriesl),Papenburg (Ems),18.0,-59.0,10.64364,11.0,-0.23855
Papenburg (Ems),Meppen,50.0,-4.0,10.52613,10.0,0.66898
Meppen,Lingen (Ems),9.0,-11.0,3.89929,11.0,-0.2733
Lingen (Ems),Rheine,57.0,-3.0,9.04508,10.0,0.6178
Rheine,Münster (Westf) Hbf,120.0,-6.0,24.07829,9.0,0.98833
Münster (Westf) Hbf,Recklinghausen Hbf,27.0,-74.0,27.50835,13.0,-1.78401
Recklinghausen Hbf,Wanne-Eickel Hbf,59.0,-38.0,11.5178,5.0,0.70438
Wanne-Eickel Hbf,Gelsenkirchen Hbf,30.0,-12.0,4.96885,5.0,-0.08333
Gelsenkirchen Hbf,Köln Messe/Deutz,11.0,-61.0,12.85815,1.0,-7.91667
Köln Messe/Deutz,Bonn-Beuel,96.0,-160.0,25.82262,4.0,0.74569
Bonn-Beuel,Oberhausen Hbf,48.0,-10.0,11.47444,2.0,4.56604
Oberhausen Hbf,Duisburg Hbf,68.0,-16.0,12.91334,6.0,0.73988
Düsseldorf Hbf,Bonn Hbf,25.0,-67.0,15.57374,1.0,-9.96667
Bonn Hbf,Remagen,45.0,-18.0,10.05839,8.0,0.89722
Remagen,Andernach,19.0,-14.0,4.57587,10.0,0.09599
Andernach,Koblenz Hbf,103.0,-34.0,18.97639,9.0,0.77778
Koblenz Hbf,Bingen (Rhein) Hbf,25.0,-56.0,10.83919,6.0,0.66011
Bingen (Rhein) Hbf,Mainz Hbf,212.0,-58.0,29.96679,6.0,-0.19591
Mainz Hbf,Worms Hbf,11.0,-48.0,7.1538,4.0,-0.27434
Worms Hbf,Mannheim Hbf,51.0,-7.0,9.72751,4.0,0.96903
Mannheim Hbf,Stuttgart Hbf,103.0,-114.0,41.33322,30.0,0.50337
Stuttgart Hbf,Köln Hbf,74.0,0.0,16.34,1.0,20.23333
Singen (Hohentwiel),Engen,8.0,-4.0,1.89854,4.0,0.35345
Engen,Tuttlingen,24.0,-3.0,3.89438,4.0,0.13793
Tuttlingen,Spaichingen,8.0,-3.0,2.63235,3.0,0.44068
Spaichingen,Rottweil,6.0,-1.0,2.10871,3.0,0.35593
Rottweil,Oberndorf (Neckar),4.0,-6.0,2.4034,3.0,-0.36158
Oberndorf (Neckar),Sulz (Neckar),9.0,-9.0,3.39028,4.0,0.25431
Sulz (Neckar),Horb,9.0,-1.0,2.6153,3.0,1.33333
Horb,Eutingen im Gäu,0.0,-22.0,4.83218,1.0,-4.85
Eutingen im Gäu,Bondorf (b Herrenberg),20.0,-1.0,5.14345,1.0,4.55
Bondorf (b Herrenberg),Gäufelden,2.0,-16.0,5.41789,3.0,-1.27119
Gäufelden,Herrenberg,16.0,-3.0,5.54313,3.0,0.72316
Herrenberg,Böblingen,13.0,-17.0,4.63386,3.0,-0.16949
Böblingen,Stuttgart Hbf,13.0,-3.0,4.49462,3.0,0.81921
Hannover Hbf,Hamburg-Harburg,68.0,-95.0,44.49957,15.0,-2.97059
Ostseebad Binz,Bergen auf Rügen,37.0,-5.0,7.61477,10.0,0.08769
Bergen auf Rügen,Stralsund Hbf,19.0,-37.0,8.65772,10.0,0.11786
Stralsund Hbf,Greifswald,60.0,-3.0,8.09286,8.0,0.07512
Greifswald,Ribnitz-Damgarten West,99.0,-138.0,30.07075,4.0,-2.4625
Ribnitz-Damgarten West,Züssow,59.0,-13.0,8.02001,2.0,0.575
Züssow,Anklam,24.0,-6.0,3.87596,8.0,-0.1247
Anklam,Pasewalk,17.0,-5.0,6.03762,7.0,1.04482
Pasewalk,Neustrelitz Hbf,19.0,-15.0,4.1632,1.0,-3.3
Neustrelitz Hbf,Prenzlau,141.0,-19.0,25.54833,2.0,8.90833
Prenzlau,Angermünde,4.0,-2.0,1.94163,7.0,-0.30812
Angermünde,Eberswalde Hbf,3.0,-2.0,2.09931,6.0,-0.74503
Eberswalde Hbf,Berlin Gesundbrunnen,120.0,-7.0,16.32225,6.0,0.59732
Berlin Gesundbrunnen,Berlin Hbf,135.0,-58.0,38.46572,29.0,1.32417
Hamburg-Harburg,Lüneburg,111.0,-95.0,41.29424,24.0,1.94365
Lüneburg,Uelzen,107.0,-109.0,28.80885,17.0,0.20823
Uelzen,Celle,19.0,-107.0,19.18501,17.0,-1.11064
Leipzig Hbf,Halle (Saale) Hbf,107.0,-140.0,51.02505,26.0,1.73958
Halle (Saale) Hbf,Köthen,13.0,-11.0,5.58648,12.0,0.13769
Köthen,Magdeburg Hbf,46.0,-8.0,10.99168,12.0,0.61613
Magdeburg Hbf,Helmstedt,39.0,-25.0,11.27045,7.0,0.21957
Helmstedt,Braunschweig Hbf,80.0,-5.0,12.38407,8.0,-0.27215
Braunschweig Hbf,Hannover Hbf,48.0,-80.0,19.46657,10.0,0.70618
Nienburg (Weser),Minden (Westf),1.0,-51.0,11.16972,1.0,-5.5
Minden (Westf),Verden (Aller),80.0,-9.0,17.41655,3.0,5.47778
Verden (Aller),Bremen Hbf,76.0,-55.0,23.99208,9.0,2.36402
Delmenhorst,Hude,18.0,-9.0,4.31322,9.0,0.12195
Hude,Oldenburg (Oldb) Hbf,17.0,-4.0,4.74779,9.0,-0.36773
Oldenburg (Oldb) Hbf,Bad Zwischenahn,45.0,-33.0,9.22213,8.0,0.37657
Bad Zwischenahn,Westerstede-Ocholt,10.0,-15.0,4.11036,9.0,-0.42214
Westerstede-Ocholt,Augustfehn,33.0,-4.0,5.32171,9.0,-0.35272
Augustfehn,Leer (Ostfriesl),160.0,-7.0,24.79715,8.0,0.75264
Hamburg Hbf,Büchen,97.0,-59.0,28.02349,12.0,-1.51077
Büchen,Ludwigslust,38.0,-4.0,6.41553,12.0,0.19077
Wittenberge,Berlin-Spandau,131.0,-10.0,55.58675,15.0,4.38554
Berlin Südkreuz,Lutherstadt Wittenberg Hauptbahnhof,69.0,-49.0,24.94926,15.0,0.40098
Lutherstadt Wittenberg Hauptbahnhof,Leipzig Hbf,53.0,-6.0,18.76945,13.0,-0.00994
Leipzig Hbf,Erfurt Hbf,274.0,-124.0,52.69414,19.0,-0.17718
Erfurt Hbf,Würzburg Hbf,0.0,-132.0,21.22047,1.0,-6.28333
Würzburg Hbf,Bamberg,243.0,0.0,33.16829,1.0,7.0
Bamberg,Augsburg Hbf,0.0,-243.0,33.11024,1.0,-7.01667
Augsburg Hbf,Erlangen,243.0,0.0,33.29013,1.0,7.26667
Erlangen,Nürnberg Hbf,264.0,-6.0,63.58126,17.0,3.0317
Berlin Hbf,Berlin Zoologischer Garten,19.0,-75.0,14.16623,7.0,-2.7799
Berlin Zoologischer Garten,Berlin-Spandau,75.0,-10.0,12.95622,7.0,1.71053
Berlin-Spandau,Wolfsburg Hbf,50.0,-33.0,30.35446,31.0,-0.16845
Hannover Hbf,Minden (Westf),82.0,-164.0,51.54724,20.0,0.36231
Minden (Westf),Bielefeld Hbf,164.0,-72.0,47.3096,10.0,3.29381
Wuppertal Hbf,Köln Hbf,60.0,-82.0,28.8274,11.0,2.47324
Köln Hbf,Bonn Hbf,60.0,-83.0,29.40483,17.0,0.78621
München Hbf,Augsburg Hbf,23.0,-6.0,5.02292,3.0,0.46893
Augsburg Hbf,Ulm Hbf,128.0,-12.0,30.27687,28.0,0.17897
Mannheim Hbf,Frankfurt am Main Flughafen Fernbahnhof,121.0,-44.0,41.11883,22.0,4.57731
Frankfurt am Main Flughafen Fernbahnhof,Limburg Süd,24.0,-208.0,58.97465,15.0,-10.29845
Limburg Süd,Siegburg/Bonn,106.0,-5.0,36.13554,3.0,21.1236
Siegburg/Bonn,Köln Messe/Deutz,123.0,-62.0,35.61814,15.0,1.20507
Köln Messe/Deutz,Düsseldorf Hbf,63.0,-125.0,45.9035,23.0,0.95163
Düsseldorf Hbf,Duisburg Hbf,67.0,-349.0,56.75862,47.0,1.1391
Essen Hbf,Bochum Hbf,79.0,-210.0,39.63572,43.0,-0.37159
Bochum Hbf,Dortmund Hbf,210.0,-37.0,50.9262,39.0,0.83854
Limburg Süd,Montabaur,20.0,-28.0,5.71459,12.0,-0.50791
Montabaur,Siegburg/Bonn,156.0,-48.0,43.69186,16.0,2.84795
Bruchsal,Wiesloch-Walldorf,7.0,-2.0,2.24673,5.0,0.22078
Wiesloch-Walldorf,Heidelberg Hbf,43.0,-7.0,8.99664,11.0,0.39254
Heidelberg Hbf,Neu-Edingen/Friedrichsfeld,0.0,-31.0,6.79219,2.0,-0.80556
Neu-Edingen/Friedrichsfeld,Bensheim,34.0,0.0,7.56783,2.0,1.11111
Friedberg (Hess),Göttingen,22.0,-18.0,7.76101,1.0,-0.33333
Hannover Hbf,Gießen,77.0,0.0,16.96355,1.0,5.80952
Treysa,Kassel-Wilhelmshöhe,49.0,-8.0,8.8337,2.0,0.51852
Kassel-Wilhelmshöhe,Wabern (Bz Kassel),21.0,-35.0,10.59492,8.0,0.23148
Wabern (Bz Kassel),Treysa,14.0,-2.0,4.50124,8.0,0.07407
Treysa,Marburg (Lahn),18.0,-5.0,6.52597,9.0,-0.06936
Marburg (Lahn),Gießen,25.0,-16.0,8.51328,9.0,0.03468
Gießen,Friedberg (Hess),4.0,-3.0,2.35697,9.0,-0.14451
Friedberg (Hess),Frankfurt (Main) Hbf,51.0,-6.0,9.02742,7.0,0.22727
Berlin Südkreuz,Berlin Ostbahnhof,64.0,-317.0,45.16455,3.0,-6.09211
Stuttgart Hbf,Heidelberg Hbf,30.0,-126.0,18.84764,3.0,-2.17222
Heidelberg Hbf,Mannheim Hbf,117.0,-43.0,25.51858,15.0,1.55774
Mannheim Hbf,Mainz Hbf,133.0,-22.0,24.7549,11.0,2.73664
Mainz Hbf,Bingen (Rhein) Hbf,70.0,-89.0,16.91395,6.0,0.80656
Bingen (Rhein) Hbf,Koblenz Hbf,106.0,-5.0,21.61161,5.0,1.184
Koblenz Hbf,Köln Messe/Deutz,90.0,-77.0,31.57031,6.0,-4.39167
Köln Messe/Deutz,Andernach,122.0,-60.0,37.03451,6.0,5.38908
Andernach,Remagen,20.0,-2.0,6.12669,7.0,0.11582
Remagen,Bonn Hbf,57.0,-40.0,14.48878,10.0,0.45506
Bonn Hbf,Köln Hbf,173.0,-18.0,46.76329,23.0,3.12987
Köln Hbf,Wuppertal Hbf,58.0,-28.0,21.60425,10.0,2.77817
Hagen Hbf,Berlin Zoologischer Garten,0.0,-66.0,16.15693,1.0,-17.73333
Berlin Zoologischer Garten,Bielefeld Hbf,65.0,0.0,16.33473,1.0,15.91667
Hannover Hbf,Berlin-Spandau,138.0,-94.0,57.44322,11.0,-1.55775
Dortmund Hbf,Hamm (Westf) Hbf,150.0,-55.0,48.84183,36.0,2.13913
Bielefeld Hbf,Minden (Westf),133.0,-111.0,47.23579,8.0,-0.58246
Minden (Westf),Hannover Hbf,126.0,-133.0,49.52371,14.0,1.92169
Frankfurt (Main) Hbf,Mannheim Hbf,181.0,-38.0,41.9374,11.0,3.79695
Mannheim Hbf,Karlsruhe Hbf,190.0,-3.0,35.56514,4.0,12.8022
Karlsruhe Hbf,Baden-Baden,65.0,-34.0,21.37663,5.0,1.97674
Baden-Baden,Offenburg,25.0,-56.0,20.93725,4.0,0.07692
Offenburg,Freiburg (Breisgau) Hbf,9.0,-4.0,2.80362,1.0,0.11765
Emden Hbf,Marienhafe,32.0,-21.0,7.61477,4.0,0.0042
Marienhafe,Norden,11.0,-38.0,6.90576,4.0,-0.60504
Halle (Saale) Hbf,Köln Messe/Deutz,0.0,-1.0,0.25156,1.0,-0.06667
Bonn-Beuel,Köthen,3.0,0.0,0.43957,1.0,0.1
Köthen,Bonn Hbf,0.0,-2.0,0.33404,1.0,-0.08333
Bonn Hbf,Koblenz Hbf,94.0,-23.0,38.33876,11.0,3.6307
Koblenz Hbf,Mainz Hbf,99.0,-74.0,27.00016,12.0,-0.28273
Mainz Hbf,Frankfurt am Main Flughafen Fernbahnhof,66.0,-89.0,16.77824,10.0,0.42007
Frankfurt (Main) Hbf,Magdeburg Hbf,3.0,0.0,0.40616,1.0,0.06667
Minden (Westf),Bad Oeynhausen,18.0,-37.0,7.10963,7.0,-0.45238
Bad Oeynhausen,Herford,12.0,-5.0,4.00861,7.0,0.29524
Bielefeld Hbf,Gütersloh Hbf,15.0,-138.0,32.10413,10.0,-2.06491
Gütersloh Hbf,Hamm (Westf) Hbf,139.0,-8.0,47.36849,11.0,2.90635
Dortmund Hbf,Hagen Hbf,161.0,-144.0,46.23015,20.0,1.29705
Wuppertal Hbf,Solingen Hbf,40.0,-47.0,13.72059,11.0,-0.34656
Stuttgart Hbf,Chemnitz Hbf,0.0,-11.0,1.86151,1.0,-0.98305
Chemnitz Hbf,Schorndorf,16.0,0.0,2.76754,1.0,1.40678
Schorndorf,Schwäbisch Gmünd,7.0,-2.0,2.48397,2.0,-0.26891
Ellwangen,Dresden Hbf,0.0,-21.0,3.87947,1.0,-2.13559
Dresden Hbf,Crailsheim,20.0,0.0,3.78491,1.0,2.32203
Ostseebad Binz,Hamburg Dammtor,32.0,-3.0,5.02971,1.0,0.91667
Hamburg Dammtor,Bergen auf Rügen,2.0,-33.0,5.12695,1.0,-0.95
Stralsund Hbf,Velgast,12.0,-3.0,2.63997,10.0,-0.10962
Velgast,Ribnitz-Damgarten West,10.0,-3.0,2.68581,10.0,-0.06264
Ribnitz-Damgarten West,Rostock Hbf,40.0,-14.0,8.49786,9.0,0.1958
Rostock Hbf,Hamburg-Harburg,11.0,-43.0,6.19593,1.0,-1.01667
Hamburg-Harburg,Recklinghausen Hbf,59.0,0.0,15.20774,1.0,9.25
Recklinghausen Hbf,Essen Hbf,189.0,-101.0,35.18655,6.0,1.9026
Essen Hbf,Köln Messe/Deutz,29.0,-190.0,34.81888,3.0,-8.82682
Köln Messe/Deutz,Duisburg Hbf,190.0,-58.0,35.52861,3.0,9.40782
Düsseldorf Hbf,Bützow,11.0,-188.0,28.22338,1.0,-15.48333
Bützow,Schwerin Hbf,52.0,-113.0,16.66854,6.0,-0.22394
Schwerin Hbf,Hamburg-Altona,0.0,-53.0,8.67368,1.0,-2.56667
Hamburg-Altona,Bonn-Beuel,38.0,-25.0,7.46245,1.0,-1.2
Bonn-Beuel,Hamburg Hbf,61.0,-42.0,13.3461,1.0,5.01667
Hamburg Hbf,Solingen Hbf,28.0,-59.0,14.1547,1.0,-4.01667
Aschaffenburg Hbf,Fürth (Bay) Hbf,87.0,-108.0,31.1244,1.0,-25.81667
Fürth (Bay) Hbf,Würzburg Hbf,112.0,-10.0,28.69644,1.0,28.15
Dortmund Hbf,Köln Hbf,169.0,-22.0,27.77604,3.0,2.93855
Essen Hbf,Solingen Hbf,103.0,-175.0,44.4417,6.0,-6.51275
Solingen Hbf,Münster (Westf) Hbf,201.0,-17.0,59.35735,5.0,17.45151
Münster (Westf) Hbf,Hamburg-Harburg,115.0,-18.0,28.26432,4.0,-0.7113
Hamburg Dammtor,Itzehoe,85.0,-56.0,19.96799,6.0,0.2947
Itzehoe,Heide (Holst),20.0,-13.0,10.27034,7.0,2.6768
Heide (Holst),Husum,70.0,-3.0,13.42832,7.0,1.12707
Husum,Niebüll,100.0,-64.0,17.99649,7.0,0.98066
Stuttgart Hbf,Vaihingen (Enz),55.0,-53.0,17.29138,17.0,-0.21189
Vaihingen (Enz),Bruchsal,20.0,-14.0,5.2228,1.0,3.28814
Bruchsal,Karlsruhe Hbf,28.0,-9.0,8.18705,7.0,0.2446
Frankfurt (Main) Hbf,Fulda,326.0,-176.0,71.23271,18.0,-4.353
Fulda,Bad Hersfeld,17.0,-24.0,7.9499,8.0,0.47706
Bad Hersfeld,Eisenach,91.0,-17.0,20.77657,8.0,1.51147
Gotha,Erfurt Hbf,83.0,-11.0,29.42039,14.0,0.40355
Leipzig Hbf,Riesa,80.0,-70.0,21.1259,16.0,-0.12786
Riesa,Dresden-Neustadt,21.0,-80.0,15.08928,14.0,0.63588
Dresden-Neustadt,Dresden Hbf,52.0,-215.0,39.10999,23.0,-0.49759
Köln Hbf,Köln Messe/Deutz,180.0,-202.0,63.25272,9.0,-0.87716
Köln Messe/Deutz,Solingen Hbf,79.0,-106.0,39.17008,8.0,4.38362
Solingen Hbf,Düsseldorf Hbf,97.0,-201.0,82.59599,18.0,-8.15166
Düsseldorf Flughafen,Wuppertal Hbf,59.0,-92.0,22.33108,2.0,-4.84762
Wuppertal Hbf,Duisburg Hbf,90.0,-59.0,28.85682,5.0,5.64437
Duisburg Hbf,Mülheim (Ruhr) Hbf,20.0,-2.0,4.08173,3.0,0.44099
Mülheim (Ruhr) Hbf,Essen Hbf,13.0,-5.0,2.43274,3.0,-0.02484
Essen Hbf,Hagen Hbf,63.0,-74.0,22.4875,5.0,-0.21603
Hagen Hbf,Bochum Hbf,75.0,-64.0,23.34639,5.0,-0.20209
Dortmund Hbf,Münster (Westf) Hbf,74.0,-73.0,28.27542,14.0,3.39604
Münster (Westf) Hbf,Osnabrück Hbf,84.0,-75.0,25.90131,18.0,-0.09257
Osnabrück Hbf,Diepholz,58.0,-11.0,8.63519,2.0,-1.18095
Diepholz,Bremen Hbf,9.0,-55.0,8.34963,2.0,-0.78095
Bremen Hbf,Hamburg-Harburg,114.0,-57.0,34.60894,15.0,0.47775
Hamburg Hbf,Hamburg-Altona,21.0,-253.0,45.45306,14.0,-0.98324
Koblenz Hbf,Radolfzell,3.0,-50.0,7.6661,1.0,-2.43636
Radolfzell,Köln Messe/Deutz,13.0,-3.0,2.45594,1.0,0.52727
Andernach,Donaueschingen,5.0,-50.0,7.81663,1.0,-2.41818
Donaueschingen,Villingen (Schwarzw),0.0,-1.0,0.29014,1.0,-0.09091
Villingen (Schwarzw),Triberg,2.0,0.0,0.72567,1.0,0.34545
Triberg,Hausach,3.0,0.0,0.77503,1.0,0.34545
Hausach,Offenburg,28.0,0.0,4.66688,1.0,1.67273
Offenburg,Baden-Baden,54.0,-11.0,10.02112,3.0,0.51724
Baden-Baden,Karlsruhe Hbf,4.0,-4.0,2.08655,3.0,0.17931
Karlsruhe Hbf,Mannheim Hbf,17.0,-12.0,4.59981,5.0,0.06844
Mannheim Hbf,Worms Hbf,4.0,-23.0,4.07955,2.0,-0.57353
Worms Hbf,Mainz Hbf,19.0,-3.0,3.17774,2.0,0.26471
Bingen (Rhein) Hbf,Remagen,49.0,-1.0,7.65621,1.0,2.70909
Remagen,Bonn-Beuel,17.0,-49.0,9.48584,2.0,-1.72321
Bonn-Beuel,Bonn Hbf,87.0,-41.0,34.11815,5.0,7.03082
Emden Hbf,Konstanz,0.0,0.0,0.0,1.0,0.0
Konstanz,Singen (Hohentwiel),1.0,-1.0,0.35581,1.0,0.05455
Stuttgart Hbf,Bruchsal,18.0,-108.0,18.22207,6.0,-0.75839
Dortmund Hbf,Witten Hbf,49.0,-14.0,8.13029,5.0,0.86063
Witten Hbf,Altena (Westf),59.0,-32.0,12.14597,5.0,1.63066
Altena (Westf),Werdohl,7.0,-4.0,1.98408,5.0,0.31707
Werdohl,Plettenberg,7.0,-5.0,2.06425,5.0,0.30662
Plettenberg,Finnentrop,40.0,-4.0,6.41253,5.0,0.24042
Finnentrop,Lennestadt-Grevenbrück,38.0,-45.0,7.95135,5.0,0.00348
Lennestadt-Grevenbrück,Lennestadt-Altenhundem,9.0,-38.0,5.60898,5.0,-0.81882
Lennestadt-Altenhundem,Kreuztal,14.0,-26.0,4.84702,5.0,0.44251
Kreuztal,Siegen-Weidenau,37.0,-3.0,5.38612,5.0,0.63066
Siegen-Weidenau,Dillenburg,100.0,-38.0,21.67926,4.0,1.10526
Dillenburg,Wetzlar,11.0,-119.0,16.93203,5.0,0.0662
Wetzlar,Bad Nauheim,40.0,-23.0,12.81547,6.0,1.317
Bad Nauheim,Frankfurt (Main) West,119.0,-48.0,18.37883,6.0,0.83285
Frankfurt (Main) West,Frankfurt (Main) Hbf,150.0,-149.0,33.90656,7.0,-3.05495
Bremen Hbf,Osnabrück Hbf,114.0,-35.0,22.3864,13.0,-1.42722
Osnabrück Hbf,Münster (Westf) Hbf,36.0,-41.0,16.56046,20.0,0.03378
Münster (Westf) Hbf,Dortmund Hbf,180.0,-107.0,40.74004,12.0,3.81933
Wuppertal Hbf,Bochum Hbf,150.0,-30.0,21.09849,2.0,3.72072
Essen Hbf,Duisburg Hbf,99.0,-77.0,37.15316,56.0,0.24844
Solingen Hbf,Köln Messe/Deutz,134.0,-201.0,57.22177,10.0,-7.0661
Köln Messe/Deutz,Köln Hbf,226.0,-127.0,100.72018,20.0,5.79524
Köln Hbf,Frankfurt am Main Flughafen Fernbahnhof,111.0,-125.0,38.11442,6.0,-0.05833
Frankfurt am Main Flughafen Fernbahnhof,Mannheim Hbf,261.0,-20.0,62.78546,22.0,5.33001
Gelsenkirchen Hbf,Oberhausen Hbf,190.0,-55.0,31.82259,5.0,1.98973
Düsseldorf Hbf,Köln Hbf,208.0,-64.0,78.63547,31.0,7.37135
Mannheim Hbf,Radolfzell,0.0,-17.0,2.22213,1.0,-0.33333
Radolfzell,Konstanz,7.0,-3.0,1.1781,2.0,0.04717
Konstanz,Karlsruhe Hbf,19.0,0.0,2.5258,1.0,0.4
Offenburg,Hausach,4.0,-4.0,1.86392,3.0,0.05085
Hausach,Triberg,4.0,-2.0,1.11968,3.0,0.16949
Triberg,Donaueschingen,4.0,-10.0,1.39855,1.0,-0.1
Donaueschingen,Immendingen,1.0,-1.0,0.2472,2.0,-0.00943
Immendingen,Singen (Hohentwiel),0.0,-4.0,1.04049,2.0,-0.16038
Singen (Hohentwiel),Villingen (Schwarzw),3.0,0.0,0.3873,1.0,0.05
Münster (Westf) Hbf,Hamm (Westf) Hbf,33.0,-40.0,12.1192,5.0,0.56164
Bochum Hbf,Hagen Hbf,31.0,-117.0,21.6567,3.0,-4.05
Hagen Hbf,Essen Hbf,117.0,-61.0,36.78888,5.0,6.64527
Duisburg Hbf,Wuppertal Hbf,64.0,-124.0,29.75527,5.0,-1.67559
Wuppertal Hbf,Düsseldorf Flughafen,91.0,-21.0,15.42409,2.0,3.425
Düsseldorf Flughafen,Düsseldorf Hbf,96.0,-121.0,36.81249,15.0,1.39841
Köln Hbf,Remagen,24.0,-33.0,11.49717,2.0,-0.09167
Bonn Hbf,Mainz Hbf,28.0,-47.0,11.43158,1.0,-1.38333
Frankfurt am Main Flughafen Fernbahnhof,Koblenz Hbf,155.0,-69.0,30.93361,3.0,4.91111
Bingen (Rhein) Hbf,Frankfurt (Main) Hbf,33.0,-8.0,7.03141,1.0,1.5
Berlin Ostbahnhof,Wolfsburg Hbf,1.0,-11.0,1.79264,1.0,-0.8
Wolfsburg Hbf,Berlin Hbf,5.0,-26.0,3.53238,1.0,-0.11667
Bielefeld Hbf,Wuppertal Hbf,4.0,-91.0,14.59288,1.0,-5.88333
Köln Hbf,Aachen Hbf,15.0,-21.0,5.37687,1.0,-2.93333
Stuttgart Hbf,Böblingen,72.0,-5.0,11.41979,3.0,0.74534
Böblingen,Herrenberg,5.0,-12.0,2.97389,3.0,0.47826
Herrenberg,Gäufelden,4.0,-20.0,4.16301,3.0,-0.76398
Gäufelden,Bondorf (b Herrenberg),18.0,-4.0,3.85224,2.0,0.40367
Bondorf (b Herrenberg),Horb,16.0,-4.0,3.56516,2.0,1.22018
Horb,Berlin-Spandau,20.0,-17.0,4.62048,1.0,-1.85455
Berlin-Spandau,Oberndorf (Neckar),19.0,0.0,3.13694,1.0,1.41818
Sulz (Neckar),Rottweil,18.0,-4.0,3.13683,1.0,1.29091
Würzburg Hbf,Aschaffenburg Hbf,155.0,-98.0,35.85813,20.0,0.45571
Aschaffenburg Hbf,Frankfurt (Main) Hbf,231.0,-60.0,50.4131,19.0,3.11304
Frankfurt (Main) Hbf,Frankfurt am Main Flughafen Fernbahnhof,70.0,-215.0,63.11306,38.0,-0.02647
Frankfurt am Main Flughafen Fernbahnhof,Köln Hbf,34.0,-67.0,14.64247,2.0,-5.625
Essen Hbf,Düsseldorf Hbf,63.0,-2.0,17.04934,3.0,6.11111
Wuppertal Hbf,Gelsenkirchen Hbf,23.0,-14.0,5.24195,1.0,-0.0678
Gelsenkirchen Hbf,Bochum Hbf,160.0,-29.0,43.64368,3.0,14.58101
Düsseldorf Hbf,Köln Messe/Deutz,74.0,-98.0,41.56938,26.0,-1.49706
Köln Hbf,Montabaur,47.0,-95.0,34.70329,5.0,-6.83946
Siegburg/Bonn,Frankfurt am Main Flughafen Fernbahnhof,147.0,-70.0,44.29743,9.0,1.93032
Frankfurt am Main Flughafen Fernbahnhof,Köln Messe/Deutz,115.0,-93.0,33.01993,7.0,-5.39788
Dresden Hbf,Dresden-Neustadt,20.0,-31.0,10.0356,22.0,-0.40761
Dresden-Neustadt,Berlin Südkreuz,8.0,-7.0,3.24425,1.0,1.01667
Berlin Hbf,Berlin-Lichtenberg,13.0,-16.0,3.52794,1.0,-1.16667
Berlin-Lichtenberg,Berlin Gesundbrunnen,18.0,-10.0,3.74127,3.0,0.16
Berlin Gesundbrunnen,Berlin-Spandau,68.0,-36.0,22.60381,7.0,2.59472
Berlin-Spandau,Wittenberge,49.0,-86.0,22.91586,8.0,-1.54293
Wittenberge,Ludwigslust,8.0,-48.0,7.6219,10.0,-0.35569
Ludwigslust,Büchen,20.0,-4.0,3.51465,5.0,-0.35931
Büchen,Hamburg-Bergedorf,11.0,-35.0,5.33351,2.0,0.07368
Hamburg-Bergedorf,Hamburg Hbf,10.0,-6.0,2.48452,2.0,0.28421
München Hbf,München Ost,0.0,0.0,0.0,5.0,0.0
München Ost,Rosenheim,0.0,0.0,0.0,5.0,0.0
Bruchsal,Stuttgart Hbf,19.0,-6.0,5.85775,2.0,0.91453
Stuttgart Hbf,Esslingen (Neckar),47.0,-76.0,24.76193,5.0,-6.25589
Esslingen (Neckar),Ulm Hbf,85.0,-3.0,24.90967,5.0,7.54882
Dortmund Hbf,Unna,45.0,-77.0,17.92124,2.0,1.16807
Unna,Siegen-Weidenau,45.0,-45.0,12.18987,1.0,-3.31667
Siegen-Weidenau,Schwerte (Ruhr),42.0,-84.0,15.11197,1.0,2.03333
Schwerte (Ruhr),Lennestadt-Altenhundem,81.0,-1.0,20.68523,2.0,8.9916
Lennestadt-Altenhundem,Dillenburg,140.0,-40.0,21.21715,2.0,3.7395
Dillenburg,Friedberg (Hess),0.0,-148.0,24.74683,1.0,-18.03333
Friedberg (Hess),Wetzlar,149.0,0.0,25.27675,1.0,19.96667
Mainz Hbf,Mannheim Hbf,176.0,-105.0,33.16015,11.0,2.79466
Heidelberg Hbf,Vaihingen (Enz),92.0,-56.0,40.68807,5.0,6.27931
Jena-Göschwitz,Jena West,1.0,-2.0,0.83564,3.0,-0.15882
Jena West,Weimar,15.0,-8.0,2.48184,3.0,0.02353
Weimar,Erfurt Hbf,6.0,-2.0,2.39098,4.0,0.6484
Erfurt Hbf,Gotha,25.0,-48.0,16.86445,13.0,-1.02244
Gotha,Eisenach,20.0,-3.0,5.96405,12.0,-0.12072
Eisenach,Kassel-Wilhelmshöhe,93.0,-6.0,15.51037,3.0,2.54706
Kassel-Wilhelmshöhe,Warburg (Westf),14.0,-3.0,4.33667,2.0,1.22689
Warburg (Westf),Altenbeken,27.0,-1.0,4.85568,2.0,3.05882
Altenbeken,Paderborn Hbf,6.0,-2.0,1.59936,2.0,-0.21849
Paderborn Hbf,Lippstadt,9.0,-1.0,2.23084,2.0,0.33613
Lippstadt,Soest,17.0,-2.0,2.6727,2.0,0.31933
Soest,Hamm (Westf) Hbf,6.0,0.0,1.42218,1.0,1.66667
Duisburg Hbf,Düsseldorf Flughafen,14.0,-98.0,28.01883,14.0,0.20219
Stuttgart Hbf,Wiesloch-Walldorf,47.0,-19.0,11.93612,4.0,-0.51754
Niebüll,Westerland (Sylt),95.0,-9.0,26.81369,7.0,3.00829
Mühlacker,Stuttgart Hbf,15.0,-1.0,3.44476,2.0,1.20833
Mannheim Hbf,Frankfurt (Main) Hbf,81.0,-59.0,26.4367,12.0,4.96633
Berlin-Spandau,Erfurt Hbf,102.0,-131.0,34.54756,4.0,6.47083
Erfurt Hbf,Berlin Ostbahnhof,89.0,-104.0,30.9174,4.0,-7.60833
Berlin Ostbahnhof,Halle (Saale) Hbf,102.0,0.0,27.48411,4.0,8.58333
Köln Hbf,Berlin-Spandau,102.0,-9.0,22.36646,3.0,6.89286
Vaihingen (Enz),Wiesloch-Walldorf,56.0,-42.0,14.35266,3.0,1.08889
Mainz Hbf,Wiesbaden Hbf,108.0,-8.0,30.94947,7.0,3.34717
Dresden-Neustadt,Elsterwerda,23.0,-9.0,7.49158,10.0,-0.08432
Elsterwerda,Doberlug-Kirchhain,51.0,-45.0,10.40161,6.0,-0.5113
Doberlug-Kirchhain,Berlin Südkreuz,68.0,-9.0,15.3071,6.0,3.54494
Berlin Gesundbrunnen,Oranienburg,32.0,-57.0,12.12143,7.0,1.31961
Oranienburg,Neustrelitz Hbf,8.0,-7.0,5.68699,7.0,-1.63196
Neustrelitz Hbf,Waren (Müritz),52.0,-2.0,7.19506,7.0,-0.05811
Waren (Müritz),Schwerin Hbf,37.0,-77.0,16.78454,3.0,-3.21229
Schwerin Hbf,Rostock Hbf,73.0,-12.0,18.25612,4.0,3.0795
Rostock Hbf,Warnemünde,22.0,-56.0,11.38053,6.0,-1.1728
Donauwörth,Nürnberg Hbf,62.0,-29.0,13.65945,4.0,0.88655
Nürnberg Hbf,Bamberg,94.0,-38.0,18.24948,7.0,1.31436
Bamberg,Erfurt Hbf,55.0,-8.0,16.97579,14.0,-1.43814
Halle (Saale) Hbf,Bitterfeld,27.0,-62.0,11.96533,8.0,0.35435
Bitterfeld,Berlin Südkreuz,114.0,-11.0,30.84071,9.0,1.05577
Berlin-Spandau,Hamburg Hbf,280.0,-12.0,79.90665,14.0,5.53248
Köln Messe/Deutz,Siegburg/Bonn,76.0,-88.0,25.50931,6.0,-1.2191
Limburg Süd,Köln Hbf,95.0,-71.0,24.29765,4.0,5.21667
Bochum Hbf,Solingen Hbf,90.0,-216.0,67.10445,6.0,-12.8468
Solingen Hbf,Dortmund Hbf,215.0,-11.0,58.48092,8.0,15.44118
Hamm (Westf) Hbf,Soest,92.0,-3.0,12.38564,3.0,1.93296
Soest,Lippstadt,7.0,-3.0,1.99496,3.0,1.0
Lippstadt,Paderborn Hbf,45.0,-1.0,6.48479,3.0,1.22346
Paderborn Hbf,Altenbeken,7.0,-3.0,2.22543,3.0,-1.29609
Altenbeken,Warburg (Westf),17.0,-2.0,3.99957,3.0,0.82682
Warburg (Westf),Kassel-Wilhelmshöhe,38.0,-5.0,8.81779,3.0,0.67598
Kassel-Wilhelmshöhe,Eisenach,91.0,-171.0,36.09526,5.0,3.15541
Erfurt Hbf,Weimar,7.0,-81.0,21.16704,4.0,-2.83404
Weimar,Jena West,8.0,-6.0,2.18386,3.0,-0.05682
Jena West,Jena-Göschwitz,5.0,-11.0,2.32165,3.0,0.01136
Jena-Göschwitz,Stadtroda,7.0,-3.0,1.59292,3.0,-0.43182
Stadtroda,Hermsdorf-Klosterlausnitz,13.0,-3.0,2.78551,3.0,0.53409
Hermsdorf-Klosterlausnitz,Gera Hbf,5.0,-11.0,2.91598,3.0,-0.46023
Hannover Hbf,Bielefeld Hbf,74.0,-31.0,28.51416,18.0,2.97975
Bielefeld Hbf,Hamm (Westf) Hbf,175.0,-128.0,59.03549,23.0,2.35638
Münster (Westf) Hbf,Gelsenkirchen Hbf,9.0,-83.0,22.25871,3.0,-8.12925
Gelsenkirchen Hbf,Essen Hbf,107.0,-68.0,36.6761,6.0,2.85276
Frankfurt (Main) Hbf,Erfurt Hbf,0.0,0.0,0.0,2.0,0.0
Büchen,Hamburg Hbf,136.0,-18.0,44.8961,4.0,6.68421
Berlin Südkreuz,Berlin Gesundbrunnen,25.0,-77.0,14.05384,5.0,-0.22837
Münster (Westf) Hbf,Bremen Hbf,7.0,-3.0,1.18346,1.0,-0.0566
Bremen Hbf,Hamburg Hbf,0.0,-3.0,0.66096,1.0,-0.20755
Hannover Hbf,Bremen Hbf,22.0,-4.0,18.37137,7.0,3.44776
Berlin Hbf,Esslingen (Neckar),3.0,0.0,0.48666,1.0,0.07895
Esslingen (Neckar),Karlsruhe Hbf,0.0,0.0,0.0,1.0,0.0
Bruchsal,Wolfsburg Hbf,0.0,-4.0,0.7965,1.0,-0.47368
Braunschweig Hbf,Stuttgart Hbf,8.0,0.0,1.826,1.0,1.73684
Stuttgart Hbf,Hanau Hbf,0.0,-7.0,1.47743,1.0,-2.07895
Hanau Hbf,Würzburg Hbf,33.0,-8.0,7.95936,2.0,1.18367
Ingolstadt Hbf,Hildesheim Hbf,1.0,0.0,0.16223,1.0,0.02632
Göttingen,Ulm Hbf,21.0,0.0,4.18831,1.0,2.84211
München-Pasing,Frankfurt (Main) Hbf,0.0,-27.0,7.51277,1.0,-6.86842
Mannheim Hbf,München Hbf,26.0,0.0,7.8561,1.0,7.10526
Heidelberg Hbf,Wiesloch-Walldorf,80.0,-10.0,18.29257,9.0,0.4467
Wiesloch-Walldorf,Stuttgart Hbf,27.0,-10.0,6.42938,4.0,0.31683
Duisburg Hbf,Krefeld Hbf,6.0,-15.0,2.4661,1.0,0.0
Krefeld Hbf,Viersen,13.0,-17.0,3.45708,1.0,-0.26
Viersen,Mönchengladbach Hbf,21.0,-59.0,10.18675,1.0,-1.16
Mönchengladbach Hbf,Rheydt Hbf,32.0,-75.0,14.14754,2.0,-1.36364
Rheydt Hbf,Erkelenz,28.0,-2.0,5.39234,2.0,0.69091
Erkelenz,Herzogenrath,11.0,-32.0,6.18692,1.0,-1.26
Herzogenrath,Geilenkirchen,54.0,-19.0,9.01763,3.0,0.44643
Geilenkirchen,Aachen Hbf,20.0,-4.0,4.30208,2.0,0.28182
Norddeich Mole,Norden,0.0,-3.0,0.47776,2.0,-0.0431
Ulm Hbf,Stuttgart Hbf,185.0,-20.0,44.62599,14.0,1.49446
Limburg Süd,Köln Messe/Deutz,60.0,-53.0,14.33533,3.0,0.59091
Köln Hbf,Solingen Hbf,77.0,-204.0,56.31466,22.0,-1.88853
Hagen Hbf,Dortmund Hbf,60.0,-79.0,23.798,14.0,1.97032
Osnabrück Hbf,Bremen Hbf,88.0,-28.0,25.3642,13.0,-1.88977
Göttingen,Hannover-Messe / Laatzen,7.0,-135.0,32.20726,5.0,-5.67354
Hannover-Messe / Laatzen,Hannover Hbf,130.0,-44.0,42.34334,7.0,7.6253
Norden,Marienhafe,11.0,-2.0,2.94021,5.0,-0.25794
Marienhafe,Brandenburg Hbf,7.0,-1.0,2.06522,1.0,0.58333
Brandenburg Hbf,Potsdam Hbf,37.0,-50.0,8.82344,2.0,-0.46875
Potsdam Hbf,Augustfehn,0.0,-6.0,1.72986,1.0,-0.58333
Delmenhorst,Berlin-Wannsee,6.0,0.0,2.13733,1.0,1.25
Berlin-Wannsee,Verden (Aller),0.0,-6.0,2.35327,1.0,-1.41667
Verden (Aller),Nienburg (Weser),19.0,-2.0,3.99623,8.0,0.31132
Nienburg (Weser),Berlin Gesundbrunnen,14.0,0.0,5.01739,1.0,3.41667
Berlin Gesundbrunnen,Emden Hbf,2.0,-5.0,1.72328,1.0,-0.33333
Leer (Ostfriesl),Bremen Hbf,13.0,-2.0,3.83761,1.0,1.0
Bremen Hbf,Braunschweig Hbf,11.0,-14.0,5.50138,1.0,0.08333
Helmstedt,Rostock Hbf,0.0,-10.0,3.13702,1.0,-1.75
Rostock Hbf,Riesa,4.0,-1.0,1.21543,1.0,0.25
Riesa,Hannover Hbf,14.0,-3.0,4.87029,1.0,2.41667
Hannover Hbf,Bützow,0.0,-6.0,2.09436,1.0,-1.25
Karlsruhe Hbf,Offenburg,4.0,-7.0,2.7469,1.0,0.5
Triberg,Villingen (Schwarzw),0.0,-4.0,1.3239,2.0,-0.60345
Villingen (Schwarzw),Donaueschingen,5.0,-2.0,1.00647,2.0,0.15517
Donaueschingen,Singen (Hohentwiel),3.0,-2.0,1.42223,1.0,-0.75
Singen (Hohentwiel),Radolfzell,8.0,-11.0,2.13116,3.0,-0.08929
Nienburg (Weser),Osnabrück Hbf,30.0,-25.0,7.48443,1.0,-3.51667
Osnabrück Hbf,Hannover Hbf,45.0,-7.0,12.84914,3.0,3.51667
Hannover Hbf,Peine,50.0,-5.0,6.97346,2.0,0.84034
Peine,Braunschweig Hbf,31.0,-3.0,4.55021,2.0,0.0
Düsseldorf Hbf,Neuss Hbf,10.0,-16.0,3.10276,1.0,0.0
Neuss Hbf,Mönchengladbach Hbf,61.0,-25.0,8.8617,1.0,0.75
Erkelenz,Geilenkirchen,0.0,-2.0,0.4682,1.0,-0.13333
Frankfurt am Main Flughafen Fernbahnhof,Montabaur,1.0,-159.0,31.74903,3.0,-14.12963
Siegburg/Bonn,Köln Hbf,99.0,-67.0,35.24767,9.0,2.73496
Wuppertal Hbf,Düsseldorf Hbf,127.0,-128.0,61.23785,12.0,-9.86528
Düsseldorf Hbf,Hagen Hbf,247.0,-24.0,41.61644,2.0,15.53333
Köln Messe/Deutz,Wuppertal Hbf,141.0,-79.0,43.75396,7.0,6.06506
Hagen Hbf,Montabaur,50.0,-93.0,20.9767,3.0,-2.16384
Montabaur,Düsseldorf Hbf,204.0,-17.0,39.25583,1.0,20.71667
Essen Hbf,Gelsenkirchen Hbf,65.0,-203.0,34.45137,1.0,-11.46667
Gelsenkirchen Hbf,Recklinghausen Hbf,58.0,-53.0,11.38295,2.0,0.91453
Recklinghausen Hbf,Bochum Hbf,202.0,-196.0,46.90017,1.0,1.03333
Bochum Hbf,Siegburg/Bonn,170.0,-142.0,33.70123,1.0,6.7
Siegburg/Bonn,Dortmund Hbf,140.0,-170.0,33.7463,1.0,-6.03333
Husum,Bredstedt,7.0,-4.0,1.58907,1.0,0.01667
Bredstedt,Langenhorn (Schlesw),23.0,-23.0,6.75956,3.0,0.81564
Langenhorn (Schlesw),Niebüll,35.0,-11.0,6.14923,3.0,0.44134
Westerland (Sylt),Niebüll,21.0,-40.0,11.20276,3.0,-1.34969
Niebüll,Husum,20.0,-5.0,8.63042,7.0,0.97959
Husum,Heide (Holst),13.0,-4.0,4.4485,7.0,0.81341
Heide (Holst),Itzehoe,26.0,-9.0,10.67796,5.0,0.65471
Itzehoe,Hamburg Dammtor,26.0,-44.0,11.98972,3.0,0.63804
Friedberg (Hess),Stuttgart Hbf,0.0,-56.0,12.03543,1.0,-3.34884
Stuttgart Hbf,Frankfurt (Main) Hbf,54.0,0.0,11.74093,1.0,3.23256
Frankfurt (Main) Hbf,Darmstadt Hbf,16.0,-129.0,22.66489,13.0,-0.85147
Darmstadt Hbf,Bensheim,21.0,-3.0,5.38126,11.0,0.14133
Bensheim,Heidelberg Hbf,39.0,-21.0,11.82108,7.0,0.5042
Rostock Hbf,Bützow,114.0,-4.0,15.43832,11.0,0.11691
Bützow,Ludwigslust,10.0,-125.0,20.21656,2.0,-2.43564
Ludwigslust,Schwerin Hbf,147.0,-6.0,32.14062,8.0,2.76316
Schwerin Hbf,Hamburg Hbf,165.0,-12.0,25.95885,7.0,0.725
Wiesloch-Walldorf,Bruchsal,5.0,-2.0,1.91456,3.0,0.11111
Bruchsal,Karlsruhe-Durlach,5.0,-15.0,3.183,3.0,-0.57865
Karlsruhe-Durlach,Neu-Edingen/Friedrichsfeld,0.0,-55.0,7.14125,1.0,-1.05
Neu-Edingen/Friedrichsfeld,Karlsruhe Hbf,185.0,-2.0,42.34251,2.0,10.5914
Leipzig Hbf,Berlin Südkreuz,63.0,-18.0,17.67675,5.0,2.97727
Berlin Hbf,Hamburg Hbf,14.0,-28.0,5.70883,2.0,-2.60526
Schwerin Hbf,Bützow,4.0,-17.0,4.75072,5.0,-1.29851
Bützow,Rostock Hbf,18.0,-73.0,12.50872,8.0,0.11916
Rostock Hbf,Ribnitz-Damgarten West,14.0,-28.0,5.86182,6.0,0.09451
Ribnitz-Damgarten West,Velgast,11.0,-6.0,3.64131,8.0,-0.33333
Velgast,Stralsund Hbf,69.0,-9.0,9.68423,7.0,-0.11111
Stralsund Hbf,Bergen auf Rügen,29.0,-104.0,15.66585,9.0,-0.22394
Bergen auf Rügen,Ostseebad Binz,104.0,-11.0,15.60973,9.0,-0.33784
Nürnberg Hbf,Eisenach,0.0,-5.0,0.86246,1.0,-0.39623
Eisenach,Ansbach,12.0,0.0,1.87587,1.0,0.98113
Ansbach,Gotha,0.0,-13.0,2.37656,1.0,-1.92453
Gotha,Crailsheim,10.0,0.0,2.4591,1.0,1.37736
Crailsheim,Ellwangen,17.0,-23.0,7.36018,8.0,0.23093
Ellwangen,Aalen Hbf,13.0,-2.0,4.24214,8.0,-0.03602
Aalen Hbf,Schwäbisch Gmünd,55.0,-5.0,9.28993,8.0,0.27754
Schwäbisch Gmünd,Stuttgart Hbf,53.0,-7.0,15.14456,6.0,1.84419
Vaihingen (Enz),Mühlacker,10.0,-156.0,35.04269,8.0,-5.73941
Mühlacker,Pforzheim Hbf,18.0,-2.0,2.96374,8.0,-0.05508
Pforzheim Hbf,Hamburg Hbf,0.0,-26.0,4.79409,1.0,-1.45283
Hamburg-Altona,Karlsruhe Hbf,27.0,0.0,5.01536,1.0,3.0
Lüneburg,Hannover Hbf,28.0,-105.0,21.14861,6.0,-1.36415
Göttingen,Frankfurt (Main) Hbf,167.0,-128.0,39.17072,2.0,6.08333
Frankfurt (Main) Hbf,Kassel-Wilhelmshöhe,133.0,-60.0,39.0735,6.0,-2.01205
Kassel-Wilhelmshöhe,Frankfurt am Main Flughafen Fernbahnhof,85.0,-169.0,34.45811,2.0,1.825
Mannheim Hbf,Köln Hbf,0.0,-66.0,8.6243,1.0,-4.83333
Köln Hbf,Frankfurt (Main) Hbf,75.0,-71.0,23.21227,2.0,9.47899
Koblenz Hbf,Hanau Hbf,90.0,0.0,14.45918,1.0,12.5
Hanau Hbf,Celle,13.0,-89.0,15.05953,1.0,-12.58333
Celle,Kassel-Wilhelmshöhe,173.0,0.0,25.99158,1.0,12.78333
Göttingen,Uelzen,273.0,-86.0,40.05964,1.0,0.06667
Uelzen,Heidelberg Hbf,0.0,-273.0,38.975,1.0,-13.0
Heidelberg Hbf,Mainz Hbf,0.0,0.0,0.0,1.0,0.0
Mainz Hbf,Berlin-Spandau,84.0,0.0,11.82638,1.0,2.03333
Berlin-Spandau,Bielefeld Hbf,0.0,0.0,0.0,1.0,0.0
Bielefeld Hbf,Berlin Hbf,0.0,0.0,0.0,1.0,0.0
Berlin Ostbahnhof,Hannover Hbf,249.0,0.0,34.76262,1.0,13.36667
Hannover Hbf,Lüneburg,90.0,-99.0,29.95969,4.0,-3.42308
Frankfurt am Main Flughafen Fernbahnhof,Hanau Hbf,36.0,-130.0,23.32734,7.0,0.2325
Hanau Hbf,Fulda,45.0,-36.0,12.58777,6.0,-1.75516
Freiberg (Sachs),Dresden Hbf,35.0,-6.0,5.76511,2.0,0.69748
Elsterwerda,Riesa,15.0,-54.0,14.22844,4.0,-2.7605
Riesa,Doberlug-Kirchhain,33.0,0.0,7.06573,1.0,3.15254
Warnemünde,Chemnitz Hbf,0.0,0.0,0.0,1.0,0.0
Leipzig Hbf,Lutherstadt Wittenberg Hauptbahnhof,67.0,-38.0,19.79565,15.0,0.28395
Lutherstadt Wittenberg Hauptbahnhof,Berlin Südkreuz,86.0,-31.0,30.06366,15.0,2.38642
Ludwigslust,Hamburg Hbf,155.0,-35.0,42.32672,11.0,3.99828
Berlin Südkreuz,Halle (Saale) Hbf,132.0,-55.0,37.0964,18.0,-0.19829
Halle (Saale) Hbf,Erfurt Hbf,137.0,-23.0,47.58965,30.0,1.40312
Erfurt Hbf,Nürnberg Hbf,149.0,-5.0,47.89787,11.0,5.60606
Nürnberg Hbf,München Hbf,64.0,-94.0,43.40849,38.0,0.77581
Berlin Südkreuz,Bitterfeld,52.0,-9.0,16.50013,6.0,1.18333
Bitterfeld,Leipzig Hbf,3.0,-108.0,24.85586,4.0,-7.36683
Erfurt Hbf,Bamberg,138.0,-67.0,32.50446,14.0,-1.57108
Bamberg,Nürnberg Hbf,112.0,-4.0,19.83302,7.0,1.32057
Nürnberg Hbf,Donauwörth,96.0,-106.0,27.15251,6.0,-0.54802
Donauwörth,Augsburg Hbf,40.0,-5.0,7.77532,6.0,0.62429
Doberlug-Kirchhain,Schwerin Hbf,8.0,-16.0,3.00657,1.0,-0.47368
Schwerin Hbf,Berlin Südkreuz,19.0,-6.0,4.12204,1.0,2.61404
Waren (Müritz),Rostock Hbf,258.0,-8.0,38.34578,4.0,2.03419
Koblenz Hbf,Andernach,15.0,-28.0,4.7477,3.0,0.06818
Bonn Hbf,Köln Messe/Deutz,160.0,-161.0,55.83158,7.0,-3.875
Solingen Hbf,Wuppertal Hbf,50.0,-13.0,11.41332,8.0,-0.09048
Hamm (Westf) Hbf,Gütersloh Hbf,36.0,-51.0,16.50872,11.0,0.58696
Gütersloh Hbf,Bielefeld Hbf,99.0,-3.0,16.98673,11.0,0.34783
Bielefeld Hbf,Herford,10.0,-7.0,4.69498,11.0,-0.52007
Herford,Bad Oeynhausen,74.0,-3.0,13.81053,7.0,0.37222
Bad Oeynhausen,Minden (Westf),7.0,-3.0,2.82646,7.0,0.08333
Braunschweig Hbf,Magdeburg Hbf,120.0,-7.0,24.20596,8.0,2.07349
Leipzig Hbf,München Hbf,0.0,-125.0,19.35197,1.0,-7.70175
München-Pasing,Stuttgart Hbf,0.0,0.0,0.0,1.0,0.0
Stuttgart Hbf,Saarbrücken Hbf,13.0,0.0,1.72462,1.0,0.24561
Saarbrücken Hbf,Riesa,129.0,0.0,21.02877,1.0,9.07018
Köln Messe/Deutz,Esslingen (Neckar),111.0,-67.0,19.32542,2.0,-3.84746
Esslingen (Neckar),Siegburg/Bonn,66.0,-111.0,19.62341,2.0,4.12712
Frankfurt am Main Flughafen Fernbahnhof,Heidelberg Hbf,0.0,-49.0,8.26929,1.0,-4.06897
Konstanz,Radolfzell,13.0,-6.0,2.72682,3.0,-0.02326
Radolfzell,Singen (Hohentwiel),10.0,-2.0,1.75574,3.0,0.04651
Horb,Bondorf (b Herrenberg),14.0,-7.0,3.80848,2.0,-0.7094
Frankfurt am Main Flughafen Fernbahnhof,Mainz Hbf,9.0,-10.0,7.20658,10.0,-0.94656
Mainz Hbf,Boppard Hbf,19.0,-2.0,3.30211,1.0,1.33333
Boppard Hbf,Koblenz Hbf,25.0,-3.0,3.55807,1.0,-0.46667
Koblenz Hbf,Bonn-Beuel,27.0,-121.0,35.77832,8.0,-7.08134
Schwerin Hbf,Büchen,5.0,-6.0,2.25366,1.0,-1.45714
Saarbrücken Hbf,Homburg (Saar) Hbf,5.0,-3.0,1.32708,2.0,-0.28319
Homburg (Saar) Hbf,Kaiserslautern Hbf,3.0,-4.0,1.50775,2.0,-0.15929
Kaiserslautern Hbf,Neustadt (Weinstr) Hbf,6.0,-3.0,1.48802,2.0,-0.31858
Neustadt (Weinstr) Hbf,Mannheim Hbf,11.0,-3.0,3.23153,2.0,1.25664
Mannheim Hbf,Bensheim,7.0,-135.0,25.38212,3.0,-3.1145
Berlin Gesundbrunnen,Eberswalde Hbf,6.0,-12.0,2.29211,3.0,-0.17647
Eberswalde Hbf,Angermünde,8.0,-3.0,2.21019,6.0,-0.53448
Angermünde,Prenzlau,9.0,-3.0,2.44819,6.0,0.10057
Prenzlau,Pasewalk,4.0,-3.0,1.99569,7.0,-0.29902
Pasewalk,Anklam,25.0,-4.0,3.93486,6.0,-0.06322
Anklam,Züssow,9.0,-2.0,2.26223,7.0,0.20098
Züssow,Greifswald,4.0,-2.0,1.65567,7.0,-0.48775
Greifswald,Stralsund Hbf,8.0,-3.0,2.97902,8.0,-0.05012
Berlin Hbf,Lutherstadt Wittenberg Hauptbahnhof,0.0,-50.0,16.59025,2.0,-10.43697
Lutherstadt Wittenberg Hauptbahnhof,Berlin-Spandau,39.0,-66.0,12.2821,3.0,0.32961
Kassel-Wilhelmshöhe,Berlin Südkreuz,64.0,-82.0,31.6437,5.0,4.66892
Erfurt Hbf,Fulda,62.0,-43.0,22.6167,5.0,1.06061
Fulda,Frankfurt (Main) Hbf,180.0,-57.0,56.51888,17.0,1.40886
Hamburg Hbf,Berlin-Spandau,136.0,-50.0,36.94977,11.0,1.43669
Berlin-Spandau,Berlin Gesundbrunnen,23.0,-137.0,33.82709,4.0,-6.35065
Bamberg,Erlangen,30.0,-140.0,20.43713,13.0,0.02621
Kassel-Wilhelmshöhe,Würzburg Hbf,125.0,-62.0,30.39724,1.0,20.79661
Würzburg Hbf,Ingolstadt Hbf,124.0,-99.0,27.53927,2.0,-4.67241
Freiburg (Breisgau) Hbf,Offenburg,1.0,-25.0,4.55799,2.0,-0.58889
Limburg Süd,Wiesbaden Hbf,9.0,-12.0,2.87978,2.0,-0.39091
Wiesbaden Hbf,Mainz Hbf,16.0,-14.0,4.96919,6.0,0.43003
Dresden-Neustadt,Riesa,26.0,-12.0,10.70617,11.0,1.13543
Riesa,Leipzig Hbf,21.0,-13.0,10.37854,13.0,-1.85166
Eisenach,Bad Hersfeld,69.0,-5.0,12.24774,9.0,0.11577
Bad Hersfeld,Fulda,81.0,-10.0,22.41232,10.0,1.82904
Berlin Hbf,Schwerin Hbf,50.0,-49.0,14.19448,2.0,-6.41026
Schwerin Hbf,Berlin Gesundbrunnen,48.0,-17.0,11.92975,2.0,5.05983
Leipzig Hbf,Bitterfeld,121.0,-9.0,26.62399,4.0,5.2437
Frankfurt am Main Flughafen Fernbahnhof,Siegburg/Bonn,206.0,-74.0,45.99238,11.0,-2.97331
Lüneburg,Göttingen,0.0,-11.0,2.75283,1.0,-0.85366
Frankfurt (Main) Hbf,Uelzen,17.0,0.0,3.27872,1.0,1.0
Berlin-Spandau,Ludwigslust,11.0,-153.0,30.30208,6.0,-3.75529
Mainz Hbf,Bonn Hbf,35.0,-45.0,10.31586,1.0,-3.3
Bonn-Beuel,Köln Hbf,66.0,-30.0,17.58051,2.0,8.44167
Itzehoe,Hamburg-Altona,15.0,-11.0,5.90238,1.0,0.46667
Heidelberg Hbf,Stuttgart Hbf,101.0,-41.0,49.64728,14.0,2.00744
Berlin Gesundbrunnen,Bernau (b Berlin),114.0,-24.0,15.27586,3.0,1.93333
Bernau (b Berlin),Eberswalde Hbf,4.0,-4.0,2.52209,4.0,-1.61345
Eberswalde Hbf,Neustrelitz Hbf,13.0,-12.0,3.42457,1.0,-1.96667
Neustrelitz Hbf,Angermünde,23.0,-12.0,4.88023,2.0,1.69167
Pasewalk,Ribnitz-Damgarten West,3.0,-7.0,1.71698,1.0,-1.36667
Ribnitz-Damgarten West,Anklam,12.0,-3.0,2.42841,1.0,1.63333
Stralsund Hbf,Ribnitz-Damgarten West,5.0,-26.0,5.1556,2.0,-1.23423
Ribnitz-Damgarten West,Neustrelitz Hbf,0.0,-4.0,0.56012,1.0,-0.07843
Neustrelitz Hbf,Greifswald,26.0,0.0,4.74486,1.0,1.7451
Greifswald,Züssow,6.0,-3.0,1.74724,6.0,-0.10101
Pasewalk,Prenzlau,9.0,-31.0,4.75137,7.0,-0.01681
Oldenburg (Oldb) Hbf,Delmenhorst,14.0,-26.0,4.97291,3.0,-0.16867
Hamburg-Altona,Berlin Ostbahnhof,0.0,0.0,0.0,1.0,0.0
Berlin-Spandau,Berlin Ostbahnhof,161.0,-93.0,28.23475,1.0,-0.05
Hamburg Hbf,Uelzen,27.0,-16.0,5.21184,2.0,0.33333
Uelzen,Hamburg-Harburg,18.0,-27.0,5.01126,1.0,-1.35
Hamburg-Harburg,Celle,18.0,-18.0,5.0136,2.0,-0.63333
Celle,Lüneburg,105.0,-15.0,14.09688,1.0,3.7
Stuttgart Hbf,Berlin-Spandau,0.0,0.0,0.0,1.0,0.0
Marienhafe,Emden Hbf,15.0,-2.0,3.27592,4.0,0.56667
Siegburg/Bonn,Wuppertal Hbf,16.0,-206.0,27.05325,1.0,-2.81356
Hagen Hbf,Limburg Süd,209.0,-10.0,28.2675,1.0,3.98305
Montabaur,Köln Messe/Deutz,140.0,-1.0,40.80626,3.0,18.98788
Frankfurt (Main) Hbf,Aschaffenburg Hbf,117.0,-58.0,30.71779,13.0,2.66796
Frankfurt (Main) Hbf,Berlin Südkreuz,0.0,0.0,0.0,1.0,0.0
Mainz Hbf,Koblenz Hbf,77.0,-8.0,24.46719,9.0,0.97938
Bonn-Beuel,Köln Messe/Deutz,49.0,-9.0,9.50793,4.0,1.04494
Köln Messe/Deutz,Bonn Hbf,93.0,-128.0,40.09711,6.0,6.76944
Horb,Sulz (Neckar),6.0,-16.0,2.94177,2.0,0.00943
Sulz (Neckar),Oberndorf (Neckar),18.0,-17.0,4.46835,3.0,-0.11667
Oberndorf (Neckar),Hamburg Hbf,0.0,-74.0,14.49528,1.0,-5.33333
Hamburg Hbf,Rottweil,74.0,-5.0,14.16945,1.0,6.98148
Rottweil,Hamburg-Harburg,0.0,-73.0,10.60037,1.0,-3.16667
Hamburg-Harburg,Spaichingen,73.0,-14.0,10.50475,1.0,2.09259
Spaichingen,Lüneburg,16.0,-74.0,11.05289,1.0,-1.85185
Lüneburg,Tuttlingen,75.0,-16.0,11.19875,1.0,2.05556
Tuttlingen,Engen,2.0,-4.0,1.32847,3.0,0.05
Engen,Uelzen,17.0,-75.0,11.25924,1.0,-1.72222
Uelzen,Singen (Hohentwiel),71.0,-12.0,10.26933,1.0,1.55556
Radolfzell,Celle,25.0,-71.0,10.96435,1.0,-0.83333
Celle,Konstanz,71.0,-25.0,11.17451,1.0,0.87037
Konstanz,Hannover Hbf,23.0,0.0,3.6588,1.0,1.16667
Hannover Hbf,Kassel-Wilhelmshöhe,0.0,-6.0,0.8165,1.0,-0.11111
Kassel-Wilhelmshöhe,Nürnberg Hbf,57.0,0.0,11.95268,1.0,4.03704
Hamm (Westf) Hbf,Hagen Hbf,140.0,-12.0,28.26267,7.0,5.792
Hagen Hbf,Düsseldorf Hbf,79.0,-208.0,45.88034,5.0,-3.21739
Bamberg,Ingolstadt Hbf,276.0,-53.0,43.39041,1.0,7.57447
Bremerhaven-Lehe,Bremerhaven Hbf,1.0,-2.0,0.58488,1.0,-0.38333
Bremerhaven Hbf,Osterholz-Scharmbeck,6.0,-3.0,1.52743,1.0,0.15
Osterholz-Scharmbeck,Bremen Hbf,12.0,-19.0,3.57234,1.0,0.13333
Recklinghausen Hbf,Gelsenkirchen Hbf,31.0,-45.0,13.79719,4.0,-0.20921
Hannover Hbf,Osnabrück Hbf,80.0,-6.0,15.32373,2.0,7.14167
Köln Hbf,Düren,8.0,-119.0,20.69326,3.0,-5.41667
Düren,Aachen Hbf,106.0,-6.0,16.96025,3.0,1.63194
Hude,Minden (Westf),2.0,-30.0,8.56701,1.0,-5.69231
Minden (Westf),Delmenhorst,81.0,-2.0,13.49068,1.0,7.96154
Bremen Hbf,Wolfsburg Hbf,17.0,-92.0,14.91114,1.0,-6.17308
Berlin-Spandau,Verden (Aller),98.0,-11.0,19.8884,1.0,11.51923
Magdeburg Hbf,Brandenburg Hbf,51.0,-43.0,9.6635,2.0,0.25893
Potsdam Hbf,Berlin-Wannsee,6.0,-3.0,1.95914,1.0,0.75
Berlin-Wannsee,Berlin Hbf,51.0,-38.0,10.57865,2.0,-0.52679
Berlin Ostbahnhof,Berlin Gesundbrunnen,84.0,-65.0,23.58803,5.0,1.46713
Berlin Gesundbrunnen,Königs Wusterhausen,59.0,-9.0,12.1849,1.0,5.86538
Königs Wusterhausen,Lübben (Spreewald),13.0,-3.0,2.83821,1.0,1.05769
Lübben (Spreewald),Lübbenau (Spreewald),3.0,-2.0,1.01868,1.0,-0.46154
Lübbenau (Spreewald),Cottbus Hbf,7.0,-2.0,1.85799,1.0,0.63462
Erfurt Hbf,Eisenach,7.0,-70.0,16.56049,3.0,-4.99355
Eisenach,Fulda,136.0,-4.0,25.96352,3.0,6.83871
Fulda,Mannheim Hbf,14.0,-166.0,27.32506,2.0,-7.19231
Darmstadt Hbf,Heidelberg Hbf,141.0,-25.0,27.75732,3.0,3.5942
Hildesheim Hbf,Hannover Hbf,16.0,-72.0,13.27928,1.0,-8.11538
Magdeburg Hbf,Stendal Hbf,25.0,-5.0,4.82097,1.0,2.37838
Stendal Hbf,Wittenberge,6.0,-4.0,2.8652,2.0,-0.21875
Angermünde,Berlin Gesundbrunnen,0.0,0.0,0.0,1.0,0.0
Halle (Saale) Hbf,Kassel-Wilhelmshöhe,130.0,-64.0,19.23036,1.0,0.3
Eisenach,Mainz Hbf,13.0,-61.0,14.31522,1.0,-9.7
Mainz Hbf,Fulda,144.0,-16.0,22.53374,1.0,10.6
Fulda,Hanau Hbf,100.0,-91.0,32.71134,3.0,0.11029
Hanau Hbf,Frankfurt (Main) Hbf,120.0,-80.0,29.15608,8.0,0.0254
Köln Messe/Deutz,Frankfurt am Main Flughafen Fernbahnhof,111.0,-7.0,35.9226,11.0,0.74051
Passau Hbf,Plattling,15.0,-3.0,2.17666,2.0,-0.08333
Plattling,Straubing,2.0,-2.0,0.73454,2.0,-0.11667
Straubing,Regensburg Hbf,31.0,-3.0,5.87992,2.0,1.23333
Regensburg Hbf,Nürnberg Hbf,12.0,-5.0,4.21897,2.0,0.64167
Würzburg Hbf,Hanau Hbf,82.0,-20.0,14.10642,3.0,2.25556
Rostock Hbf,Schwerin Hbf,7.0,-21.0,3.92278,4.0,-0.8159
Schwerin Hbf,Waren (Müritz),18.0,-8.0,4.64226,4.0,0.66109
Waren (Müritz),Neustrelitz Hbf,7.0,-18.0,3.37385,5.0,-0.13087
Neustrelitz Hbf,Oranienburg,47.0,-5.0,7.92088,5.0,-0.15101
Oranienburg,Berlin Gesundbrunnen,48.0,-4.0,9.03432,5.0,0.95638
Berlin Südkreuz,Doberlug-Kirchhain,90.0,-6.0,16.61164,5.0,3.30537
Doberlug-Kirchhain,Elsterwerda,11.0,-3.0,3.4977,5.0,-0.36577
Elsterwerda,Dresden-Neustadt,56.0,-11.0,12.42156,7.0,2.17989
Göttingen,Hamburg Hbf,0.0,-10.0,1.59943,1.0,-0.46667
Hamburg Hbf,Hildesheim Hbf,10.0,0.0,1.59758,1.0,0.41667
Würzburg Hbf,Ansbach,7.0,-13.0,2.71484,1.0,0.05
Ansbach,Treuchtlingen,19.0,-2.0,3.22963,1.0,0.1
Treuchtlingen,Donauwörth,10.0,-5.0,2.91983,1.0,-1.5
Augsburg Hbf,Buchloe,6.0,-95.0,12.43078,1.0,-2.53333
Buchloe,Kaufbeuren,83.0,-3.0,10.93101,1.0,0.06667
Kaufbeuren,Kempten (Allgäu) Hbf,0.0,-83.0,10.56905,1.0,-3.41667
Kempten (Allgäu) Hbf,Immenstadt,72.0,-4.0,9.72956,2.0,0.3
Immenstadt,Sonthofen,12.0,-73.0,10.13768,2.0,-0.29167
Sonthofen,Fischen,12.0,-2.0,3.19206,2.0,2.6
Fischen,Oberstdorf,7.0,-3.0,2.17523,2.0,-0.48333
Hamburg Hbf,Berlin Hbf,0.0,-8.0,2.62342,1.0,-2.58824
München Hbf,Rosenheim,0.0,0.0,0.0,1.0,0.0
Ulm Hbf,Karlsruhe Hbf,0.0,0.0,0.0,1.0,0.0
Düsseldorf Hbf,Oberhausen Hbf,28.0,-15.0,5.6432,2.0,0.05042
Oberhausen Hbf,Düsseldorf Flughafen,0.0,0.0,0.0,1.0,0.0
Düsseldorf Flughafen,Solingen Hbf,13.0,0.0,3.03583,1.0,1.55932
Solingen Hbf,Duisburg Hbf,62.0,-19.0,17.68502,2.0,5.19328
Wuppertal Hbf,Essen Hbf,62.0,-65.0,17.01304,3.0,-3.32402
Kiel Hbf,Neumünster,28.0,-2.0,4.6362,4.0,0.225
Neumünster,Hamburg Hbf,45.0,-18.0,8.86552,1.0,5.25
Köln Hbf,Limburg Süd,20.0,-98.0,24.67505,2.0,-18.51667
Hamburg-Altona,Itzehoe,99.0,-5.0,25.42995,2.0,13.925
Wolfsburg Hbf,Eisenach,69.0,-32.0,13.76767,2.0,0.55833
Eisenach,Braunschweig Hbf,19.0,-20.0,4.21002,1.0,0.26667
Braunschweig Hbf,Esslingen (Neckar),9.0,-20.0,3.66149,1.0,-0.48333
Esslingen (Neckar),Hildesheim Hbf,21.0,-14.0,4.21173,1.0,0.58333
Koblenz Hbf,Bonn Hbf,36.0,-134.0,26.79553,4.0,-1.12022
Limburg Süd,Wuppertal Hbf,63.0,-21.0,9.99615,2.0,1.09483
Hamburg-Altona,Hamburg Hbf,39.0,-12.0,11.88762,7.0,1.73861
Nürnberg Hbf,Frankfurt am Main Flughafen Fernbahnhof,121.0,-35.0,22.59607,2.0,8.54945
Limburg Süd,Berlin Gesundbrunnen,0.0,-44.0,9.17651,1.0,-2.28571
Lutherstadt Wittenberg Hauptbahnhof,Bitterfeld,129.0,-3.0,21.83096,2.0,3.0
Bitterfeld,Halle (Saale) Hbf,8.0,-15.0,4.87899,6.0,-0.64553
Leipzig Hbf,Weimar,0.0,0.0,0.0,1.0,0.0
Bad Hersfeld,Hünfeld,0.0,0.0,0.0,1.0,0.0
Hünfeld,Fulda,0.0,0.0,0.0,1.0,0.0
Frankfurt (Main) Hbf,Montabaur,43.0,0.0,8.9379,1.0,2.22449
Aachen Hbf,Herzogenrath,8.0,-4.0,2.28714,2.0,0.4322
Geilenkirchen,Erkelenz,20.0,-12.0,3.46969,2.0,-0.05085
Erkelenz,Rheydt Hbf,21.0,-2.0,3.29153,2.0,0.70339
Rheydt Hbf,Mönchengladbach Hbf,7.0,-1.0,1.72436,2.0,0.50847
Mönchengladbach Hbf,Viersen,34.0,-9.0,6.77707,2.0,1.16949
Viersen,Krefeld Hbf,12.0,-1.0,1.92784,2.0,0.66102
Krefeld Hbf,Duisburg Hbf,22.0,-3.0,4.63136,2.0,0.94915
Herford,Hannover Hbf,80.0,-7.0,13.61281,3.0,0.69663
Celle,Stralsund Hbf,0.0,-63.0,9.336,1.0,-1.7234
Bützow,Hannover Hbf,61.0,0.0,9.05804,1.0,1.68085
Bremen Hbf,Hannover Hbf,23.0,-3.0,12.27076,2.0,2.82609
Magdeburg Hbf,Dessau Hbf,5.0,0.0,1.46299,1.0,0.84211
Dessau Hbf,Bitterfeld,7.0,-2.0,1.9026,1.0,0.21053
Riesa,Elsterwerda,16.0,-46.0,17.16395,3.0,-2.45324
Bad Kleinen,Ludwigslust,3.0,-4.0,1.15025,1.0,-0.4
Aschaffenburg Hbf,Hanau Hbf,80.0,-17.0,11.13628,1.0,2.01667
Wuppertal Hbf,Köln Süd,36.0,-103.0,22.38748,1.0,-14.79661
Köln Süd,Bonn Hbf,57.0,0.0,13.71549,1.0,7.54237
Koblenz Hbf,Köln Hbf,116.0,0.0,24.30417,1.0,19.11864
Köln Messe/Deutz,Montabaur,40.0,-180.0,30.8083,3.0,-1.34444
Frankfurt (Main) Hbf,Frankfurt (Main) West,5.0,-3.0,2.06762,8.0,0.04239
Frankfurt (Main) West,Friedberg (Hess),10.0,-32.0,7.8277,5.0,-1.21212
Schwerin Hbf,Bad Kleinen,3.0,-7.0,1.84257,3.0,-0.375
Bad Kleinen,Ribnitz-Damgarten West,0.0,-85.0,17.99854,1.0,-5.95122
Stralsund Hbf,Bützow,83.0,0.0,17.46586,1.0,5.5122
Augustfehn,Osnabrück Hbf,10.0,-60.0,10.16619,1.0,-5.26667
Osnabrück Hbf,Leer (Ostfriesl),122.0,0.0,18.13555,1.0,7.51667
Friedberg (Hess),Bad Nauheim,55.0,0.0,10.66329,3.0,2.76271
Bad Nauheim,Wetzlar,56.0,-45.0,12.59172,8.0,0.81957
Wetzlar,Dillenburg,211.0,-9.0,35.93652,8.0,0.76957
Dillenburg,Siegen-Weidenau,36.0,-16.0,10.58876,5.0,1.8339
Siegen-Weidenau,Kreuztal,5.0,-3.0,2.33383,5.0,-0.91864
Kreuztal,Lennestadt-Altenhundem,19.0,-140.0,18.46062,5.0,-0.56271
Lennestadt-Altenhundem,Lennestadt-Grevenbrück,9.0,-3.0,2.88048,5.0,0.33898
Lennestadt-Grevenbrück,Finnentrop,5.0,-2.0,2.35611,5.0,1.34576
Finnentrop,Plettenberg,13.0,-13.0,3.98107,5.0,0.24746
Plettenberg,Werdohl,14.0,-4.0,3.70602,5.0,0.13559
Werdohl,Altena (Westf),5.0,-7.0,1.99535,5.0,-0.03051
Altena (Westf),Witten Hbf,80.0,-33.0,12.80323,4.0,0.96596
Witten Hbf,Dortmund Hbf,54.0,-31.0,11.24681,5.0,1.69153
Erlangen,Erfurt Hbf,140.0,-7.0,37.40108,4.0,2.28889
Angermünde,Neustrelitz Hbf,6.0,-144.0,25.82326,1.0,-15.8
Ribnitz-Damgarten West,Stralsund Hbf,139.0,-3.0,25.27129,1.0,13.15
Karlsruhe-Durlach,Karlsruhe Hbf,52.0,-5.0,8.23534,4.0,0.3348
Erfurt Hbf,Erlangen,45.0,-8.0,11.70617,4.0,0.4186
Vaihingen (Enz),Heidelberg Hbf,28.0,-70.0,14.70424,6.0,-0.08834
Köln Messe/Deutz,Darmstadt Hbf,9.0,-66.0,12.4553,1.0,-5.46667
Darmstadt Hbf,Köln Hbf,72.0,-34.0,15.63817,1.0,5.58333
Frankfurt am Main Flughafen Fernbahnhof,Bonn Hbf,38.0,-51.0,12.93578,1.0,4.43333
Mainz Hbf,Frankfurt (Main) Hbf,90.0,-18.0,21.89484,1.0,14.15
Kassel-Wilhelmshöhe,Treysa,14.0,-15.0,5.04889,1.0,0.40909
Kiel Hbf,Fulda,31.0,0.0,4.14255,1.0,0.55357
Fulda,Hamburg-Harburg,54.0,-32.0,9.0088,1.0,1.92857
Celle,Neumünster,0.0,-45.0,8.07672,1.0,-2.69643
Neumünster,Hannover-Messe / Laatzen,0.0,0.0,0.0,1.0,0.0
Hannover-Messe / Laatzen,Hamburg Dammtor,6.0,-1.0,0.81524,1.0,0.08929
Hamburg Hbf,Hannover Hbf,35.0,-15.0,6.2613,1.0,-0.67857
Kassel-Wilhelmshöhe,Frankfurt (Main) Hbf,225.0,-45.0,39.70292,3.0,5.40805
Bensheim,Esslingen (Neckar),0.0,0.0,0.0,1.0,0.0
Esslingen (Neckar),Heidelberg Hbf,21.0,0.0,5.54639,2.0,2.74167
Ulm Hbf,Biberach (Riß),0.0,0.0,0.0,1.0,0.0
Biberach (Riß),Aulendorf,0.0,0.0,0.0,1.0,0.0
Aulendorf,Ravensburg,0.0,0.0,0.0,1.0,0.0
Ravensburg,Friedrichshafen Stadt,0.0,0.0,0.0,1.0,0.0
Berlin Hbf,Leipzig Hbf,17.0,-64.0,14.79287,2.0,-5.175
München Hbf,Berlin Ostbahnhof,0.0,0.0,0.0,1.0,0.0
Berlin Ostbahnhof,Göttingen,26.0,0.0,5.30723,2.0,0.30952
Köln Messe/Deutz,Köln/Bonn Flughafen,13.0,-1.0,3.27974,3.0,1.26901
Bruchsal,Vaihingen (Enz),2.0,-3.0,0.9267,1.0,-0.28
Vaihingen (Enz),Esslingen (Neckar),14.0,-3.0,2.25479,1.0,-0.24
Ulm Hbf,Günzburg,94.0,-186.0,28.04914,6.0,-0.84571
Günzburg,Augsburg Hbf,112.0,-20.0,21.24326,7.0,0.73632
Leipzig Hbf,Weißenfels,27.0,-5.0,6.99637,5.0,0.28094
Weißenfels,Naumburg (Saale) Hbf,48.0,-2.0,6.6413,5.0,-0.04013
Naumburg (Saale) Hbf,Jena Paradies,25.0,-14.0,7.57935,6.0,0.22531
Jena Paradies,Jena-Göschwitz,4.0,-152.0,30.70878,6.0,-0.76543
Jena-Göschwitz,Rudolstadt (Thür),6.0,-2.0,3.10932,5.0,0.33445
Rudolstadt (Thür),Saalfeld (Saale),4.0,-3.0,2.40572,5.0,-0.86622
Saalfeld (Saale),Ludwigsstadt,3.0,-3.0,2.05235,5.0,-0.65886
Ludwigsstadt,Kronach,6.0,-37.0,5.20426,5.0,-0.23746
Kronach,Lichtenfels,6.0,-2.0,2.37503,5.0,-0.04348
Lichtenfels,Bamberg,19.0,-3.0,4.82771,5.0,1.14047
Nürnberg Hbf,Ansbach,23.0,-17.0,7.34712,7.0,-0.33652
Ansbach,Crailsheim,25.0,-6.0,7.43485,7.0,0.14797
Schwäbisch Gmünd,Schorndorf,12.0,-4.0,3.53838,2.0,-0.96639
Schorndorf,Stuttgart Hbf,39.0,-9.0,7.88255,2.0,3.40336
Pforzheim Hbf,Karlsruhe Hbf,76.0,-3.0,23.99381,6.0,3.86944
Wanne-Eickel Hbf,Dortmund Hbf,29.0,-27.0,7.59065,1.0,-2.90385
Frankfurt (Main) Hbf,Halle (Saale) Hbf,8.0,-34.0,6.70457,1.0,-6.43103
Halle (Saale) Hbf,Hanau Hbf,35.0,0.0,7.61768,1.0,9.37931
Fulda,Eisenach,67.0,-17.0,13.54027,3.0,1.08025
Eisenach,Erfurt Hbf,150.0,-39.0,34.44078,5.0,4.81915
Essen Hbf,Hamburg-Harburg,38.0,-53.0,12.46985,1.0,-9.16667
Hamburg-Harburg,Münster (Westf) Hbf,18.0,-52.0,7.14111,1.0,-0.56667
Münster (Westf) Hbf,Solingen Hbf,52.0,-19.0,8.24272,1.0,1.7
Solingen Hbf,Hamburg Hbf,92.0,-9.0,24.25962,2.0,12.10526
Duisburg Hbf,Köln Messe/Deutz,51.0,-10.0,8.8819,1.0,8.4
München Hbf,Düsseldorf Hbf,25.0,0.0,5.20916,1.0,5.51667
Berlin-Spandau,Eisenach,59.0,-10.0,8.10722,1.0,0.73214
Eisenach,Berlin Ostbahnhof,14.0,-59.0,8.20483,1.0,-0.66071
Berlin Ostbahnhof,Erfurt Hbf,66.0,0.0,13.42512,1.0,7.85714
Berlin Gesundbrunnen,Berlin-Lichtenberg,5.0,-19.0,3.4716,2.0,-0.3
Berlin-Lichtenberg,Dresden-Neustadt,88.0,-2.0,14.358,1.0,6.18333
Dortmund Hbf,Gelsenkirchen Hbf,14.0,-160.0,37.92896,2.0,-16.63333
Darmstadt Hbf,Frankfurt am Main Flughafen Fernbahnhof,13.0,-2.0,2.22125,1.0,0.88136
Solingen Hbf,Oberhausen Hbf,20.0,-4.0,3.81181,2.0,0.39496
Oberhausen Hbf,Wuppertal Hbf,3.0,-21.0,3.55869,2.0,-0.54622
Essen Hbf,Unna,11.0,-29.0,7.80022,1.0,-2.86441
Unna,Bochum Hbf,29.0,-11.0,8.03445,1.0,3.38983
Berlin Südkreuz,Leipzig Hbf,9.0,-71.0,17.11598,4.0,-5.17874
Frankfurt (Main) West,Bad Nauheim,37.0,-4.0,5.87665,3.0,0.44706
Dillenburg,Lennestadt-Altenhundem,53.0,-276.0,38.73089,2.0,-0.13636
Lennestadt-Altenhundem,Schwerte (Ruhr),65.0,-57.0,17.03845,1.0,4.25926
Schwerte (Ruhr),Unna,11.0,-2.0,2.74565,2.0,0.35455
Unna,Dortmund Hbf,55.0,-91.0,22.3857,1.0,-5.88889
Hamm (Westf) Hbf,Münster (Westf) Hbf,139.0,-15.0,32.24641,5.0,2.99652
Osnabrück Hbf,Bünde (Westf),19.0,-1.0,3.94235,1.0,3.31667
Bünde (Westf),Hannover Hbf,7.0,-4.0,2.68133,1.0,-0.78333
Hannover Hbf,Berlin-Lichtenberg,4.0,-48.0,7.34893,1.0,-3.4
Berlin-Lichtenberg,Wolfsburg Hbf,2.0,0.0,0.28671,1.0,0.05
Uelzen,Hannover Hbf,84.0,-107.0,22.52214,3.0,-0.53107
Celle,Göttingen,27.0,-43.0,8.60987,2.0,0.53782
Bonn Hbf,Düsseldorf Hbf,19.0,0.0,2.49482,1.0,0.32759
Braunschweig Hbf,Magdeburg-Buckau,0.0,-62.0,14.66942,1.0,-9.03448
Magdeburg-Buckau,Magdeburg Hbf,62.0,0.0,15.84431,1.0,10.36207
Halle (Saale) Hbf,Frankfurt (Main) Hbf,0.0,-44.0,7.28123,1.0,-2.03448
Mainz Hbf,Leipzig Hbf,44.0,0.0,7.70919,1.0,2.15517
Frankfurt (Main) Hbf,Bad Hersfeld,4.0,-90.0,21.80137,1.0,-18.89831
Anklam,Neustrelitz Hbf,10.0,-54.0,7.09522,1.0,-1.71667
Neustrelitz Hbf,Pasewalk,51.0,-9.0,7.03364,1.0,3.95
Bochum Hbf,Düsseldorf Hbf,17.0,-24.0,5.37372,1.0,-1.06667
Düsseldorf Hbf,Dortmund Hbf,54.0,-33.0,16.20212,2.0,0.02521
Düsseldorf Flughafen,Hagen Hbf,0.0,-14.0,2.30303,1.0,-0.86667
Hagen Hbf,Duisburg Hbf,20.0,0.0,3.83159,1.0,1.88333
Berlin Gesundbrunnen,Neustrelitz Hbf,0.0,-33.0,9.2825,1.0,-10.36207
Neustrelitz Hbf,Ribnitz-Damgarten West,0.0,0.0,0.0,1.0,0.0
Ribnitz-Damgarten West,Bernau (b Berlin),32.0,0.0,9.4426,1.0,10.17241
Aachen Hbf,Köln Hbf,4.0,-7.0,2.40621,1.0,-0.8
Düsseldorf Hbf,Essen Hbf,17.0,-1.0,3.77963,1.0,2.55
Solingen Hbf,Berlin Ostbahnhof,0.0,-34.0,4.68858,1.0,-1.01667
Berlin Ostbahnhof,Münster (Westf) Hbf,63.0,0.0,13.98582,1.0,9.91667
Essen Hbf,Bremen Hbf,0.0,-68.0,14.39549,1.0,-8.41667
Bremen Hbf,Münster (Westf) Hbf,66.0,-10.0,14.976,3.0,3.63483
Hamm (Westf) Hbf,Wuppertal Hbf,108.0,-86.0,27.07881,2.0,2.58333
Wuppertal Hbf,Dortmund Hbf,105.0,-127.0,32.41719,2.0,9.94167
Berlin-Spandau,Berlin Südkreuz,34.0,-25.0,9.26281,1.0,3.71667
Berlin Südkreuz,Wolfsburg Hbf,23.0,-29.0,8.30252,1.0,-3.51667
Braunschweig Hbf,Lutherstadt Wittenberg Hauptbahnhof,25.0,-24.0,4.601,1.0,-0.18333
Lutherstadt Wittenberg Hauptbahnhof,Hildesheim Hbf,25.0,-26.0,4.842,1.0,0.25
Hildesheim Hbf,Leipzig Hbf,25.0,-25.0,4.73668,1.0,-0.26667
Leipzig Hbf,Göttingen,26.0,-23.0,4.57884,1.0,0.18333
Kassel-Wilhelmshöhe,Halle (Saale) Hbf,43.0,-23.0,7.81891,1.0,2.51667
Bergen auf Rügen,Berlin Hbf,0.0,-19.0,2.60985,1.0,-0.35849
Berlin Hbf,Stralsund Hbf,0.0,-26.0,3.66405,1.0,-2.18868
Hamburg Hbf,Berlin Südkreuz,26.0,0.0,5.06102,1.0,2.03774
Montabaur,Frankfurt am Main Flughafen Fernbahnhof,197.0,-15.0,38.84523,1.0,26.21667
Riesa,Döbeln Hbf,7.0,-1.0,0.92279,1.0,0.10169
Döbeln Hbf,Dresden-Neustadt,52.0,-15.0,13.24344,1.0,11.55932
Dresden Hbf,Freiberg (Sachs),18.0,-40.0,6.47108,2.0,-0.24576
Freiberg (Sachs),Chemnitz Hbf,55.0,-12.0,9.03936,2.0,0.27119
Bremen Hbf,Oldenburg (Oldb) Hbf,5.0,-4.0,2.0788,1.0,-0.10714
Oldenburg (Oldb) Hbf,Frankfurt (Main) Hbf,0.0,0.0,0.0,1.0,0.0
Hannover Hbf,Berlin Gesundbrunnen,26.0,-78.0,19.66266,2.0,-7.80833
Heidelberg Hbf,Heppenheim (Bergstr),49.0,-9.0,7.7247,1.0,2.46939
Heppenheim (Bergstr),Bensheim,8.0,-7.0,1.77401,1.0,0.2449
Berlin-Spandau,Berlin Zoologischer Garten,104.0,-160.0,34.8596,3.0,-9.37778
Berlin Zoologischer Garten,Berlin Hbf,164.0,-13.0,34.22082,3.0,11.82222
Münster (Westf) Hbf,Wanne-Eickel Hbf,22.0,-46.0,8.37166,1.0,-1.5
Wanne-Eickel Hbf,Köln Messe/Deutz,12.0,-123.0,18.35704,2.0,-5.48113
Köln Messe/Deutz,Gelsenkirchen Hbf,123.0,-10.0,17.74176,2.0,4.26415
Hamburg Hbf,Bremen Hbf,98.0,-18.0,17.14459,2.0,1.76471
Dortmund Hbf,Solingen Hbf,11.0,-56.0,16.45204,2.0,-7.37288
Köln/Bonn Flughafen,Frankfurt am Main Flughafen Fernbahnhof,24.0,-8.0,5.28346,1.0,-1.51667
Darmstadt Hbf,Karlsruhe Hbf,0.0,-16.0,2.34601,1.0,-0.57692
Karlsruhe Hbf,Bensheim,47.0,0.0,6.97182,1.0,1.46154
Bensheim,Mannheim Hbf,82.0,-46.0,19.07838,4.0,1.72398
Gäufelden,München-Pasing,1.0,-66.0,9.576,1.0,-3.57692
München-Pasing,Bondorf (b Herrenberg),66.0,0.0,10.16315,1.0,4.65385
Bondorf (b Herrenberg),München Hbf,0.0,-66.0,10.30974,1.0,-4.55769
München Hbf,Horb,66.0,0.0,10.4361,1.0,5.09615
Oberndorf (Neckar),Rottweil,5.0,-1.0,0.99422,2.0,0.22727
Rottweil,Spaichingen,3.0,-1.0,0.92861,2.0,0.39394
Spaichingen,Tuttlingen,4.0,-12.0,2.1599,2.0,0.42424
Engen,Singen (Hohentwiel),3.0,-2.0,1.1249,2.0,-0.36364
Angermünde,Berlin Hbf,0.0,0.0,0.0,1.0,0.0
Berlin Südkreuz,Eberswalde Hbf,0.0,-73.0,15.73736,1.0,-11.16071
Berlin Gesundbrunnen,Halle (Saale) Hbf,79.0,0.0,18.33073,1.0,10.35714
Erfurt Hbf,Coburg,256.0,-4.0,33.62985,2.0,2.58621
Coburg,Nürnberg Hbf,71.0,-5.0,10.18574,1.0,3.32143
Augsburg Hbf,München Hbf,66.0,-8.0,11.91944,2.0,0.12069
Göttingen,Esslingen (Neckar),0.0,-29.0,4.02518,1.0,-0.7931
Esslingen (Neckar),Kassel-Wilhelmshöhe,31.0,0.0,4.56641,1.0,1.08621
Unna,Schwerte (Ruhr),2.0,-4.0,1.20998,1.0,-0.86441
Fulda,Friedberg (Hess),69.0,-22.0,11.7235,1.0,1.66667
Friedberg (Hess),Marburg (Lahn),35.0,-69.0,13.1593,1.0,-0.89474
Marburg (Lahn),Hanau Hbf,98.0,0.0,17.89639,1.0,11.92982
Hamm (Westf) Hbf,Karlsruhe Hbf,0.0,-1.0,0.20413,1.0,-0.04167
Karlsruhe Hbf,Wolfsburg Hbf,1.0,-50.0,11.22651,2.0,-1.5625
Wolfsburg Hbf,Mannheim Hbf,53.0,-1.0,11.75351,1.0,3.33333
Mannheim Hbf,Kassel-Wilhelmshöhe,25.0,-106.0,24.96548,1.0,-6.66667
Kassel-Wilhelmshöhe,Berlin Ostbahnhof,0.0,-31.0,6.32785,1.0,-1.29167
Hamburg-Harburg,Bamberg,96.0,-7.0,19.9797,1.0,4.83333
Bamberg,Fulda,59.0,-104.0,25.48653,1.0,-2.20833
Fulda,München Hbf,0.0,-60.0,12.63277,1.0,-3.25
Augsburg Hbf,Frankfurt (Main) Hbf,72.0,-7.0,16.30217,1.0,4.75
Frankfurt (Main) Hbf,Köln Hbf,86.0,-38.0,19.20671,2.0,10.44048
Düsseldorf Hbf,Halle (Saale) Hbf,58.0,-38.0,14.98254,1.0,2.29167
Halle (Saale) Hbf,Duisburg Hbf,37.0,-50.0,13.89401,1.0,-1.5
Duisburg Hbf,Münster (Westf) Hbf,0.0,-12.0,2.88424,1.0,-0.83333
Emden Hbf,Nürnberg Hbf,10.0,-2.0,2.51805,1.0,1.08333
Heide (Holst),Dortmund Hbf,19.0,-42.0,12.4553,1.0,-10.13333
Dortmund Hbf,Itzehoe,43.0,0.0,11.58963,1.0,10.95
Itzehoe,Hamburg Hbf,31.0,-88.0,14.33297,2.0,0.15238
Wiesbaden Hbf,Limburg Süd,11.0,-28.0,4.73643,2.0,-0.22018
Siegburg/Bonn,Köln/Bonn Flughafen,5.0,-6.0,2.54326,2.0,-1.57407
Köln/Bonn Flughafen,Köln Hbf,27.0,0.0,5.07905,1.0,3.4898
Kempten (Allgäu) Hbf,Memmingen,9.0,-6.0,3.3552,1.0,0.11667
Memmingen,Ulm Hbf,28.0,-5.0,6.50085,1.0,1.9
Andernach,Wuppertal Hbf,42.0,-122.0,25.06968,1.0,-15.95
Hagen Hbf,Remagen,122.0,-42.0,25.46481,1.0,15.86667
Bremen Hbf,Oberhausen Hbf,15.0,-56.0,12.25343,1.0,-10.11111
Oberhausen Hbf,Münster (Westf) Hbf,65.0,-5.0,13.11938,1.0,8.2
Solingen Hbf,Düsseldorf Flughafen,19.0,-29.0,8.22115,1.0,1.65
Hannover Hbf,Köln Hbf,84.0,0.0,20.60162,2.0,13.75
Halle (Saale) Hbf,Berlin Gesundbrunnen,32.0,-239.0,33.54112,1.0,-3.9
Berlin Gesundbrunnen,Berlin Südkreuz,317.0,0.0,41.70431,1.0,16.73333
Frankfurt am Main Flughafen Fernbahnhof,Nürnberg Hbf,67.0,-10.0,15.69714,2.0,7.58163
Friedberg (Hess),Frankfurt (Main) West,1.0,-4.0,1.86886,1.0,-1.64706
Hamburg Hbf,Essen Hbf,28.0,-2.0,7.14913,1.0,3.12
Niebüll,Langenhorn (Schlesw),15.0,0.0,2.63285,1.0,0.81667
Langenhorn (Schlesw),Bredstedt,3.0,-15.0,2.67838,1.0,-0.75
Bredstedt,Husum,15.0,-3.0,2.75245,1.0,0.68333
Celle,Hamburg Hbf,110.0,-57.0,26.64556,2.0,7.66667
Rosenheim,Prien am Chiemsee,0.0,0.0,0.0,2.0,0.0
Prien am Chiemsee,Traunstein,0.0,0.0,0.0,2.0,0.0
Traunstein,Freilassing,0.0,0.0,0.0,2.0,0.0
Hamburg-Harburg,Uelzen,58.0,-2.0,7.59779,1.0,1.22034
Friedberg (Hess),Hannover-Messe / Laatzen,14.0,-13.0,2.86297,1.0,0.2
Hannover-Messe / Laatzen,Gießen,9.0,-16.0,2.8453,1.0,-0.35
Uelzen,Bad Bevensen,2.0,-31.0,7.38168,2.0,-2.41667
Bad Bevensen,Lüneburg,30.0,-2.0,7.09378,2.0,1.99167
Hamburg Hbf,Schwerin Hbf,112.0,-29.0,21.0214,4.0,1.00474
Köln/Bonn Flughafen,Köln Messe/Deutz,13.0,-221.0,29.8834,2.0,-0.81356
Duisburg Hbf,Hagen Hbf,60.0,-90.0,28.57257,2.0,-9.48276
Koblenz Hbf,Remagen,22.0,-98.0,17.20702,1.0,-5.91228
Bochum Hbf,Köln Messe/Deutz,74.0,-86.0,21.84632,1.0,-3.33333
Hamburg Dammtor,Frankfurt am Main Flughafen Fernbahnhof,2.0,-49.0,12.442,1.0,-6.01754
Frankfurt am Main Flughafen Fernbahnhof,Hamburg-Altona,113.0,-2.0,18.52246,1.0,7.08772
Hamburg-Altona,Frankfurt (Main) Hbf,0.0,0.0,0.0,1.0,0.0
Lennestadt-Altenhundem,Dortmund Hbf,12.0,-32.0,7.69751,1.0,-3.94643
Dortmund Hbf,Schwerte (Ruhr),64.0,-30.0,15.51312,1.0,6.125
Unna,Hamm (Westf) Hbf,30.0,-5.0,7.52235,1.0,0.82143
Stuttgart Hbf,Ludwigsburg,4.0,-5.0,1.66527,1.0,0.58621
Ludwigsburg,Pforzheim Hbf,14.0,-10.0,2.96934,1.0,0.91379
Pforzheim Hbf,Bruchsal,7.0,-9.0,2.58035,1.0,0.7931
Heidelberg Hbf,Karlsruhe Hbf,9.0,-2.0,2.21609,1.0,0.96552
Frankfurt am Main Flughafen Fernbahnhof,Bad Nauheim,32.0,-11.0,5.66829,1.0,0.89655
Dortmund Hbf,Frankfurt (Main) West,35.0,0.0,7.11253,1.0,3.2069
Ribnitz-Damgarten West,Greifswald,29.0,-2.0,3.83192,1.0,0.83333
Prenzlau,Neustrelitz Hbf,5.0,-22.0,3.75462,1.0,-3.26667
Eberswalde Hbf,Bernau (b Berlin),6.0,-1.0,1.02786,1.0,-0.16667
Bernau (b Berlin),Berlin Gesundbrunnen,6.0,-4.0,2.1032,1.0,0.51667
Neumünster,Hamburg-Altona,0.0,-5.0,0.85354,1.0,-0.18333
Hamburg Hbf,Leipzig Hbf,2.0,-56.0,11.25336,1.0,-7.35
Leipzig Hbf,Berlin-Spandau,62.0,-1.0,14.72872,2.0,5.06723
Halle (Saale) Hbf,Ingolstadt Hbf,171.0,-59.0,28.53787,1.0,-8.11667
Ingolstadt Hbf,Erfurt Hbf,54.0,-39.0,16.80042,1.0,8.51667
Donauwörth,München-Pasing,10.0,-64.0,14.24539,1.0,-6.86667
Kassel-Wilhelmshöhe,Hannover Hbf,52.0,0.0,6.71317,1.0,0.86667
Berlin Südkreuz,Frankfurt am Main Flughafen Fernbahnhof,0.0,0.0,0.0,1.0,0.0
Wolfsburg Hbf,Bonn Hbf,39.0,-8.0,10.11435,1.0,6.25
Magdeburg Hbf,Braunschweig Hbf,21.0,-60.0,11.75638,6.0,-0.42778
Dortmund Hbf,Frankfurt am Main Flughafen Fernbahnhof,0.0,-52.0,12.34819,1.0,-7.88333
Frankfurt (Main) Hbf,Hagen Hbf,59.0,0.0,14.42244,1.0,11.6
München Hbf,Berchtesgaden Hbf,0.0,-15.0,1.93649,1.0,-0.25
Berchtesgaden Hbf,Bischofswiesen,2.0,-1.0,0.65073,1.0,0.31667
Bischofswiesen,Bayerisch Gmain,2.0,0.0,0.59565,1.0,0.46667
Bayerisch Gmain,Bad Reichenhall-Kirchberg,0.0,0.0,0.0,1.0,0.0
Bad Reichenhall-Kirchberg,Bad Reichenhall,0.0,-1.0,0.40337,1.0,-0.2
Bad Reichenhall,Piding,2.0,0.0,0.52373,1.0,0.71667
Piding,Hammerau,4.0,0.0,0.64221,1.0,0.83333
Hammerau,Ainring,0.0,-1.0,0.50169,1.0,-0.55
Ainring,Freilassing,0.0,-1.0,0.50169,1.0,-0.45
Freilassing,Traunstein,10.0,-1.0,2.66697,1.0,2.35
Traunstein,Übersee,5.0,-1.0,0.85354,1.0,0.48333
Übersee,Prien am Chiemsee,1.0,-2.0,0.59636,1.0,-0.51667
Prien am Chiemsee,Rosenheim,9.0,-3.0,1.61656,1.0,-0.21667
Rosenheim,München Ost,38.0,-9.0,6.00064,2.0,-0.125
München Ost,München-Pasing,12.0,0.0,2.43625,1.0,1.88333
Wolfsburg Hbf,Leipzig Hbf,0.0,-15.0,2.05187,1.0,-0.4
Leipzig Hbf,Braunschweig Hbf,58.0,0.0,7.67629,1.0,1.3
Braunschweig Hbf,Eisenach,0.0,-57.0,7.52367,1.0,-1.26667
Eisenach,Hildesheim Hbf,57.0,0.0,7.66944,1.0,1.6
Halle (Saale) Hbf,Lutherstadt Wittenberg Hauptbahnhof,0.0,-76.0,17.69046,1.0,-9.21667
Lutherstadt Wittenberg Hauptbahnhof,Erfurt Hbf,74.0,0.0,17.85437,1.0,9.03333
Duisburg Hbf,Solingen Hbf,16.0,-21.0,4.46784,1.0,-1.26667
Magdeburg Hbf,Magdeburg-Buckau,0.0,-29.0,4.39467,1.0,-1.27273
Magdeburg-Buckau,Helmstedt,30.0,0.0,5.77671,1.0,2.0
Braunschweig Hbf,Peine,1.0,-2.0,0.76409,1.0,-0.43636
Peine,Hannover Hbf,20.0,-2.0,2.97204,1.0,0.61818
Oldenburg (Oldb) Hbf,Osnabrück Hbf,16.0,-48.0,8.70729,1.0,-4.32727
Osnabrück Hbf,Bad Zwischenahn,48.0,-17.0,9.03424,1.0,5.10909
Heidelberg Hbf,Frankfurt am Main Flughafen Fernbahnhof,54.0,-12.0,12.76213,1.0,5.91525
Frankfurt (Main) Hbf,Eisenach,66.0,-93.0,20.83031,1.0,-10.16949
Weimar,Naumburg (Saale) Hbf,73.0,-2.0,13.07802,1.0,3.0
Naumburg (Saale) Hbf,Halle (Saale) Hbf,85.0,-3.0,21.10243,1.0,13.22034
Berlin Ostbahnhof,Berlin Südkreuz,20.0,-13.0,4.14552,1.0,1.03333
Berlin Südkreuz,Berlin-Spandau,14.0,-21.0,4.27646,1.0,-1.5
Wolfsburg Hbf,Lutherstadt Wittenberg Hauptbahnhof,11.0,-3.0,1.49906,1.0,0.08333
Lutherstadt Wittenberg Hauptbahnhof,Braunschweig Hbf,4.0,-12.0,1.64772,1.0,-0.11667
Kassel-Wilhelmshöhe,Leipzig Hbf,11.0,-16.0,3.45835,1.0,-0.65
Halle (Saale) Hbf,Eisenach,13.0,-16.0,4.01899,1.0,-1.51667
Magdeburg Hbf,Berlin Hbf,2.0,-51.0,8.79067,1.0,-4.0
Berlin Gesundbrunnen,Stendal Hbf,48.0,-37.0,9.9816,1.0,1.76271
Bad Kleinen,Bützow,5.0,-6.0,2.21641,2.0,-0.88235
Chemnitz Hbf,Freiberg (Sachs),2.0,-1.0,0.48246,1.0,0.06667
Hude,Osnabrück Hbf,18.0,-11.0,3.49172,1.0,-1.66667
Osnabrück Hbf,Delmenhorst,22.0,-17.0,4.23101,1.0,2.38333
Bremen Hbf,Minden (Westf),7.0,-33.0,6.05024,2.0,-1.975
Nienburg (Weser),Wolfsburg Hbf,24.0,-30.0,7.47839,1.0,-4.65
Hannover Hbf,Stendal Hbf,26.0,-67.0,10.49207,1.0,-3.53333
Stendal Hbf,Braunschweig Hbf,65.0,-27.0,12.30883,1.0,4.13333
Brandenburg Hbf,Berlin-Spandau,25.0,-57.0,11.68923,1.0,-3.35
Berlin-Spandau,Potsdam Hbf,60.0,-24.0,12.49162,1.0,3.6
Potsdam Hbf,Berlin Gesundbrunnen,28.0,-59.0,12.61825,1.0,-2.0
Berlin Gesundbrunnen,Berlin-Wannsee,59.0,0.0,11.09989,1.0,5.25
Köln Messe/Deutz,Limburg Süd,53.0,0.0,6.84714,2.0,0.45833
Neumünster,Hamburg Dammtor,28.0,-22.0,6.93087,1.0,2.38333
Bremen Hbf,Hagen Hbf,24.0,-111.0,17.6105,1.0,-11.65
Hagen Hbf,Osnabrück Hbf,106.0,-13.0,17.00531,1.0,8.85
Osnabrück Hbf,Wuppertal Hbf,26.0,-106.0,18.41655,1.0,-9.48333
Wuppertal Hbf,Münster (Westf) Hbf,107.0,-26.0,20.00184,1.0,11.83333
Bochum Hbf,Gelsenkirchen Hbf,75.0,-71.0,20.38427,1.0,-7.2
Solingen Hbf,Bonn Hbf,146.0,-58.0,29.19772,2.0,2.99167
Bonn-Beuel,Andernach,47.0,0.0,7.44995,1.0,1.7
Andernach,Köln Messe/Deutz,7.0,-47.0,7.43444,1.0,-1.48333
Köln Messe/Deutz,Remagen,47.0,-7.0,7.41389,1.0,1.51667
Köln Hbf,Oberhausen Hbf,15.0,-50.0,7.35268,1.0,-0.65
Oberhausen Hbf,Düsseldorf Hbf,52.0,-10.0,8.77997,2.0,2.35833
Delmenhorst,Osnabrück Hbf,29.0,-12.0,4.48913,1.0,-0.81667
Erfurt Hbf,Berlin Gesundbrunnen,0.0,-181.0,28.05412,1.0,-16.31667
Berlin Ostbahnhof,Leipzig Hbf,27.0,-41.0,6.99071,1.0,-0.66667
Berlin-Spandau,Halle (Saale) Hbf,179.0,-36.0,29.80279,1.0,14.88333
Montabaur,Köln Hbf,123.0,0.0,16.34116,1.0,7.98333
Ulm Hbf,Neu-Ulm,1.0,-6.0,1.08743,1.0,-0.61538
Neu-Ulm,Günzburg,5.0,-1.0,0.99698,1.0,0.57692
Frankfurt am Main Flughafen Fernbahnhof,Wiesbaden Hbf,28.0,-104.0,14.04891,1.0,-11.46667
Hamburg Dammtor,Neumünster,131.0,-4.0,18.15656,2.0,2.74167
Neumünster,Kiel Hbf,24.0,-25.0,6.18984,3.0,0.05294
Ulm Hbf,Nürnberg Hbf,16.0,-90.0,18.08345,1.0,-15.35
Nürnberg Hbf,Stuttgart Hbf,92.0,-11.0,21.51475,1.0,16.88333
Stuttgart Hbf,Würzburg Hbf,16.0,-92.0,21.68518,1.0,-16.08333
Würzburg Hbf,Heidelberg Hbf,48.0,-16.0,12.36708,1.0,5.93333
Leipzig Hbf,Naumburg (Saale) Hbf,15.0,-6.0,3.96947,1.0,-1.44
Erfurt Hbf,Frankfurt (Main) Hbf,264.0,-43.0,61.81333,2.0,18.0
Mannheim Hbf,Neustadt (Weinstr) Hbf,63.0,-7.0,9.14019,2.0,-0.10169
Neustadt (Weinstr) Hbf,Kaiserslautern Hbf,8.0,-3.0,2.2331,2.0,-0.02542
Kaiserslautern Hbf,Homburg (Saar) Hbf,19.0,-3.0,3.42239,2.0,0.90678
Homburg (Saar) Hbf,Saarbrücken Hbf,9.0,-7.0,3.31845,2.0,-1.92373
Hamburg-Altona,Neumünster,0.0,-6.0,1.4591,1.0,-0.44
Ribnitz-Damgarten West,Hamburg Hbf,35.0,-5.0,8.41664,1.0,1.61111
Hamburg Hbf,Lüneburg,6.0,-1.0,2.00734,1.0,0.83333
Hannover Hbf,Rostock Hbf,6.0,0.0,1.41421,1.0,0.33333
Köln Hbf,Bonn-Beuel,13.0,-82.0,22.29727,1.0,-16.86667
Essen Hbf,Köln Hbf,0.0,0.0,0.0,1.0,0.0
Hagen Hbf,Köln Messe/Deutz,67.0,-141.0,35.97142,3.0,-6.67045
Bonn Hbf,Bonn-Beuel,123.0,-123.0,48.19095,4.0,-10.45833
Bonn-Beuel,Koblenz Hbf,123.0,-22.0,44.49942,4.0,16.07083
Wuppertal Hbf,Köln Messe/Deutz,5.0,-89.0,24.7646,2.0,-17.03333
Nürnberg Hbf,Coburg,112.0,-2.0,15.37563,1.0,6.61667
Berlin Südkreuz,Erfurt Hbf,50.0,-151.0,25.11261,1.0,-9.36667
Halle (Saale) Hbf,Nürnberg Hbf,156.0,-1.0,27.82725,1.0,20.81667
Bredstedt,Niebüll,22.0,-34.0,6.92787,1.0,-1.0678
Pforzheim Hbf,Karlsruhe-Durlach,150.0,-1.0,21.37506,1.0,5.62712
Wolfsburg Hbf,Frankfurt am Main Flughafen Fernbahnhof,11.0,0.0,2.71736,1.0,0.91667
Frankfurt am Main Flughafen Fernbahnhof,Fulda,2.0,-11.0,2.64849,1.0,-0.83333
Fulda,Duisburg Hbf,3.0,-2.0,0.88055,1.0,0.08333
Duisburg Hbf,Erlangen,6.0,-3.0,1.45898,1.0,0.04167
Erfurt Hbf,Dortmund Hbf,2.0,-12.0,2.50072,1.0,-0.41667
Dortmund Hbf,Leipzig Hbf,18.0,-1.0,3.68875,1.0,0.70833
Berlin Südkreuz,Limburg Süd,10.0,-22.0,6.18319,1.0,-1.16667
Siegburg/Bonn,Hamburg Dammtor,13.0,-7.0,3.19618,1.0,0.04167
Hamburg-Altona,Bruchsal,0.0,0.0,0.0,1.0,0.0
Bruchsal,Berlin-Spandau,12.0,-1.0,2.51805,1.0,0.58333
Berlin-Spandau,Vaihingen (Enz),0.0,-11.0,2.35561,1.0,-0.625
Wiesloch-Walldorf,Frankfurt (Main) Hbf,6.0,-1.0,1.25036,1.0,0.20833
Frankfurt (Main) Hbf,Heidelberg Hbf,0.0,-47.0,9.73861,1.0,-2.83333
Wiesbaden Hbf,Stuttgart Hbf,0.0,0.0,0.0,1.0,0.0
Stuttgart Hbf,Osnabrück Hbf,36.0,-28.0,9.52913,1.0,0.25
Aachen Hbf,Berlin Ostbahnhof,0.0,0.0,0.0,1.0,0.0
Berlin Hbf,Ulm Hbf,28.0,-33.0,9.75311,1.0,-1.58333
Nürnberg Hbf,Kassel-Wilhelmshöhe,32.0,-9.0,6.95118,1.0,0.66667
München Ost,München Hbf,7.0,-8.0,1.62075,1.0,-0.51667
Berlin-Spandau,Hannover-Messe / Laatzen,40.0,0.0,7.68706,1.0,1.81818
Hannover-Messe / Laatzen,Göttingen,57.0,-7.0,11.95573,2.0,2.72527
Göttingen,Halle (Saale) Hbf,45.0,-37.0,12.89057,1.0,0.66667
Erfurt Hbf,Mannheim Hbf,7.0,-96.0,19.99863,1.0,-10.51515
Mannheim Hbf,Bad Hersfeld,93.0,-33.0,20.85888,1.0,7.30303
Fulda,Heidelberg Hbf,5.0,-115.0,26.23748,1.0,-18.9697
Wiesloch-Walldorf,Darmstadt Hbf,71.0,-84.0,27.12014,1.0,-5.42424
Darmstadt Hbf,Neu-Edingen/Friedrichsfeld,6.0,-9.0,1.99905,1.0,0.06061
Offenburg,Müllheim (Baden),20.0,-26.0,9.72004,1.0,-3.66667
Gelsenkirchen Hbf,Bonn-Beuel,0.0,-11.0,2.71274,1.0,-1.41304
Bonn Hbf,Bingen (Rhein) Hbf,12.0,-30.0,9.44501,1.0,-6.76087
Konstanz,Remagen,37.0,0.0,10.33649,1.0,9.15217
Stendal Hbf,Hannover Hbf,62.0,-10.0,9.91796,1.0,2.66102
Hannover Hbf,Bünde (Westf),30.0,-23.0,6.36793,1.0,1.9661
Bünde (Westf),Osnabrück Hbf,19.0,-2.0,3.41568,1.0,1.23729
Karlsruhe Hbf,Karlsruhe-Durlach,0.0,-1.0,0.14004,1.0,-0.01961
Karlsruhe-Durlach,Bruchsal,1.0,0.0,0.19604,1.0,0.03922
Lüneburg,Ludwigslust,22.0,-18.0,4.54131,1.0,-0.23529
Ludwigslust,Hamburg-Harburg,17.0,-22.0,4.45192,1.0,0.31373
Rostock Hbf,Stralsund Hbf,3.0,-112.0,15.7067,1.0,-3.33333
Hagen Hbf,Bielefeld Hbf,81.0,-71.0,27.71701,5.0,1.77333
Bonn-Beuel,Mainz Hbf,11.0,-95.0,14.57046,1.0,-5.2
Koblenz Hbf,Frankfurt (Main) Hbf,126.0,-17.0,18.11061,1.0,-0.85
Minden (Westf),Berlin Zoologischer Garten,0.0,-65.0,11.33147,1.0,-8.73333
Berlin Zoologischer Garten,Hannover Hbf,68.0,0.0,14.59611,1.0,14.26667
Lüneburg,Kassel-Wilhelmshöhe,55.0,0.0,13.77377,1.0,5.375
Wiesbaden Hbf,Hannover Hbf,68.0,0.0,20.80695,1.0,14.5625
Köln Hbf,Hagen Hbf,64.0,-43.0,12.59427,2.0,-1.87395
Aachen Hbf,Düren,7.0,-10.0,3.91847,2.0,-0.88889
Düren,Wuppertal Hbf,7.0,-26.0,5.91491,1.0,-2.61667
Bochum Hbf,Köln Hbf,47.0,-26.0,9.15769,1.0,-0.36667
Herford,Berlin Gesundbrunnen,38.0,-36.0,11.45607,1.0,-3.75
Berlin Gesundbrunnen,Hannover Hbf,44.0,0.0,10.1689,1.0,6.31667
Münster (Westf) Hbf,Köln Messe/Deutz,0.0,-49.0,7.15996,1.0,-2.90385
Bonn-Beuel,Recklinghausen Hbf,50.0,-1.0,7.3459,1.0,2.80769
Oberhausen Hbf,Bonn Hbf,1.0,-60.0,9.93605,1.0,-5.01923
Koblenz Hbf,Duisburg Hbf,59.0,0.0,9.90229,1.0,5.05769
Halle (Saale) Hbf,Bamberg,0.0,-28.0,3.67293,1.0,-0.63333
Nürnberg Hbf,Weilheim (Oberbay),8.0,-143.0,20.52833,1.0,-8.33333
Weilheim (Oberbay),Murnau,1.0,-1.0,0.31889,1.0,0.0
Murnau,Garmisch-Partenkirchen,0.0,-9.0,1.64772,1.0,-0.38333
Garmisch-Partenkirchen,München Hbf,150.0,0.0,21.80921,1.0,11.55
Nürnberg Hbf,Regensburg Hbf,32.0,-60.0,10.42405,1.0,-1.18333
Regensburg Hbf,Plattling,27.0,-22.0,8.84163,2.0,-0.73109
Plattling,Passau Hbf,9.0,-11.0,3.62973,2.0,-1.7395
Rostock Hbf,Waren (Müritz),3.0,-10.0,2.05861,1.0,-0.62712
Tübingen Hbf,Reutlingen Hbf,1.0,0.0,0.54772,1.0,0.4
Reutlingen Hbf,Nürtingen,0.0,-2.0,1.0,1.0,-1.0
Nürtingen,Plochingen,0.0,0.0,0.0,1.0,0.0
Plochingen,Stuttgart Hbf,1.0,-1.0,0.70711,1.0,0.0
Coburg,Bamberg,5.0,-4.0,2.01765,1.0,-0.38333
Minden (Westf),Herford,1.0,-5.0,2.31229,2.0,-2.02
Dortmund Hbf,Essen Hbf,5.0,0.0,0.78474,1.0,0.16667
Duisburg Hbf,Limburg Süd,3.0,-8.0,1.38382,1.0,-0.31667
Limburg Süd,Esslingen (Neckar),5.0,-26.0,3.4781,1.0,-0.26667
Esslingen (Neckar),Düsseldorf Hbf,10.0,-7.0,1.90532,1.0,0.11667
Duisburg Hbf,Gelsenkirchen Hbf,6.0,-2.0,0.9633,1.0,0.12727
Rheine,Emden Hbf,26.0,-7.0,3.85582,1.0,0.05455
Norden,Norddeich Mole,0.0,-3.0,0.69631,1.0,-0.18182
Mannheim Hbf,Köln Messe/Deutz,20.0,-34.0,5.93988,1.0,-0.65
Köln Messe/Deutz,Mainz Hbf,48.0,-20.0,7.60679,1.0,1.96667
Hanau Hbf,Kassel-Wilhelmshöhe,81.0,-32.0,22.2113,2.0,3.80682
Gelsenkirchen Hbf,Hagen Hbf,68.0,-15.0,11.6664,1.0,2.11667
Heide (Holst),Hamburg-Altona,0.0,-42.0,11.58066,1.0,-11.58333
Itzehoe,Hamburg-Harburg,16.0,-51.0,13.20387,1.0,-11.88333
Bremen Hbf,Dortmund Hbf,3.0,-98.0,18.48588,1.0,-18.03333
Dortmund Hbf,Osnabrück Hbf,93.0,0.0,18.84827,1.0,15.78333
Bremen Hbf,Osterholz-Scharmbeck,27.0,-8.0,4.54973,1.0,0.26667
Osterholz-Scharmbeck,Bremerhaven Hbf,11.0,-4.0,2.73548,1.0,0.28889
Bremerhaven Hbf,Bremerhaven-Lehe,16.0,-22.0,4.21338,1.0,-0.55556
Soest,Bochum Hbf,31.0,-18.0,9.30765,1.0,3.23729
Düsseldorf Hbf,Hamm (Westf) Hbf,12.0,-43.0,12.11083,1.0,-5.01695
Frankfurt (Main) Hbf,Bonn Hbf,124.0,-88.0,35.36141,2.0,7.42857
Stuttgart Hbf,Plochingen,60.0,-236.0,33.89178,2.0,-2.10833
Plochingen,Nürtingen,4.0,-98.0,12.75199,1.0,-1.21667
Nürtingen,Reutlingen Hbf,7.0,-28.0,4.53171,1.0,-1.85
Reutlingen Hbf,Tübingen Hbf,16.0,-24.0,4.18499,1.0,0.66667
Tuttlingen,Rottweil,4.0,-3.0,1.38462,1.0,0.16364
Köln Messe/Deutz,Mülheim (Ruhr) Hbf,61.0,-8.0,10.46613,1.0,4.55
Solingen Hbf,Bonn-Beuel,32.0,-20.0,6.62635,1.0,-0.7
Plochingen,Göppingen,3.0,-2.0,1.34574,1.0,-0.45
Göppingen,Ulm Hbf,16.0,-7.0,4.08508,1.0,-1.91667
Ulm Hbf,Memmingen,37.0,-32.0,10.36426,1.0,7.85
Memmingen,Kempten (Allgäu) Hbf,111.0,-1.0,14.48392,1.0,5.25
Berlin-Lichtenberg,Berlin Hbf,0.0,-69.0,10.74822,1.0,-4.03333
Berlin Ostbahnhof,Frankfurt (Oder),88.0,-6.0,14.01053,1.0,2.9
Nürnberg Hbf,Hannover Hbf,0.0,-23.0,6.54438,1.0,-2.75
Neumünster,Uelzen,67.0,0.0,8.97094,1.0,2.21667
Uelzen,Hamburg Dammtor,0.0,-62.0,8.21525,1.0,-1.96667
Hamburg Dammtor,Celle,58.0,0.0,7.67423,1.0,1.56667
Kassel-Wilhelmshöhe,Heidelberg Hbf,37.0,-88.0,18.65009,1.0,-7.06667
Heidelberg Hbf,Frankfurt (Main) Hbf,94.0,-30.0,18.54529,1.0,7.06667
Frankfurt (Main) Hbf,Esslingen (Neckar),5.0,-19.0,3.69025,1.0,-0.88
Recklinghausen Hbf,Oberhausen Hbf,65.0,-19.0,13.77076,1.0,4.6
Oberhausen Hbf,Wanne-Eickel Hbf,18.0,-65.0,12.61435,1.0,-3.71667
Aschaffenburg Hbf,Regensburg Hbf,93.0,-76.0,29.18143,1.0,-10.59322
Passau Hbf,Würzburg Hbf,95.0,0.0,25.23962,1.0,33.40678
Lüneburg,Bad Bevensen,2.0,-62.0,11.25066,2.0,-8.07937
Bad Bevensen,Uelzen,56.0,-2.0,10.37312,2.0,5.09524
Mannheim Hbf,Esslingen (Neckar),10.0,-83.0,17.73622,2.0,-6.81667
Bremen Hbf,Diepholz,30.0,-13.0,7.47523,2.0,0.75
Diepholz,Osnabrück Hbf,11.0,-5.0,3.27579,2.0,-0.45833
Solingen Hbf,Essen Hbf,0.0,-19.0,2.45289,1.0,-0.31667
Bochum Hbf,Duisburg Hbf,0.0,0.0,0.0,1.0,0.0
Karlsruhe Hbf,Freiburg (Breisgau) Hbf,53.0,-7.0,8.45184,1.0,2.58333
Hamburg-Harburg,Hannover-Messe / Laatzen,44.0,-102.0,17.8236,2.0,-0.56667
Papenburg (Ems),Esslingen (Neckar),37.0,-19.0,6.00519,1.0,0.28571
Esslingen (Neckar),Meppen,17.0,-37.0,5.88372,1.0,-0.5
Münster (Westf) Hbf,Oberhausen Hbf,6.0,-13.0,1.94861,1.0,-0.19643
Oberhausen Hbf,Recklinghausen Hbf,11.0,-11.0,2.15134,1.0,0.08929
Gelsenkirchen Hbf,Dortmund Hbf,0.0,-17.0,2.33376,1.0,-0.41071
Westerland (Sylt),Keitum,2.0,-2.0,0.75838,1.0,-0.63333
Keitum,Klanxbüll,18.0,-12.0,3.63116,1.0,1.36667
Klanxbüll,Niebüll,7.0,-33.0,5.7345,1.0,-1.61667
Berlin Hbf,Halle (Saale) Hbf,0.0,-15.0,3.68694,1.0,-4.33333
Gotha,Fulda,50.0,0.0,9.84718,1.0,5.35714
Uelzen,Salzwedel,0.0,0.0,0.0,1.0,0.0
Salzwedel,Stendal Hbf,0.0,0.0,0.0,1.0,0.0
Frankfurt (Main) Hbf,Bad Nauheim,10.0,-2.0,2.07161,1.0,0.69091
Dillenburg,Frankfurt (Main) West,3.0,-41.0,6.7983,1.0,-1.92727
München Hbf,Würzburg Hbf,0.0,-19.0,3.57056,1.0,-2.38333
Bitterfeld,Lutherstadt Wittenberg Hauptbahnhof,22.0,-62.0,12.02046,1.0,-4.5
Andernach,Bonn Hbf,27.0,-14.0,4.13528,1.0,0.53333
Cottbus Hbf,Lübbenau (Spreewald),4.0,-1.0,1.08091,1.0,0.46667
Lübbenau (Spreewald),Lübben (Spreewald),4.0,-1.0,0.74485,1.0,0.23333
Lübben (Spreewald),Königs Wusterhausen,22.0,-1.0,3.79693,1.0,1.58333
Königs Wusterhausen,Berlin Ostbahnhof,11.0,-26.0,5.18756,1.0,-0.93333
Berlin Hbf,Stendal Hbf,2.0,-46.0,6.8217,1.0,-2.2
Stendal Hbf,Berlin-Wannsee,45.0,-1.0,9.4705,1.0,4.06667
Berlin-Wannsee,Potsdam Hbf,9.0,-3.0,2.19139,2.0,0.0
Potsdam Hbf,Brandenburg Hbf,16.0,-17.0,4.72508,2.0,0.7563
Brandenburg Hbf,Magdeburg Hbf,6.0,-6.0,3.05058,2.0,0.31933
Magdeburg Hbf,Minden (Westf),0.0,-43.0,8.45186,1.0,-5.3
Minden (Westf),Helmstedt,49.0,0.0,9.61018,1.0,6.48333
Helmstedt,Wolfsburg Hbf,25.0,-50.0,10.70006,1.0,-6.18333
Hannover Hbf,Hannover-Messe / Laatzen,0.0,-60.0,12.3232,1.0,-5.77586
Altena (Westf),Hagen Hbf,0.0,-79.0,14.16069,1.0,-10.81667
Hagen Hbf,Witten Hbf,85.0,0.0,14.61648,1.0,11.05
Wabern (Bz Kassel),Celle,23.0,-43.0,15.55305,1.0,-6.30769
Hamburg Hbf,Kassel-Wilhelmshöhe,42.0,0.0,12.42877,1.0,8.15385
Frankfurt (Oder),Berlin-Lichtenberg,57.0,-117.0,24.26669,1.0,-10.51786
Lüneburg,Hamburg Hbf,0.0,0.0,0.0,1.0,0.0
Stralsund Hbf,Hamburg-Harburg,0.0,0.0,0.0,1.0,0.0
Elsterwerda,Berlin Hbf,7.0,-2.0,1.14228,1.0,0.18333
Berlin Hbf,Neustrelitz Hbf,-1.0,-91.0,12.92939,1.0,-8.98333
Neustrelitz Hbf,Berlin Gesundbrunnen,91.0,0.0,12.54398,1.0,8.73333
Düren,Düsseldorf Hbf,0.0,-17.0,3.07895,1.0,-1.80702
Bruchsal,Pforzheim Hbf,8.0,-9.0,2.35128,1.0,0.38333
Stuttgart Hbf,Schorndorf,7.0,-3.0,2.37519,1.0,1.45
Hagen Hbf,Magdeburg-Buckau,0.0,-48.0,12.01594,1.0,-10.41667
Magdeburg-Buckau,Wuppertal Hbf,57.0,0.0,13.7781,1.0,13.83333
Düsseldorf Hbf,Frankfurt am Main Flughafen Fernbahnhof,0.0,-15.0,2.12305,1.0,-0.36667
Wiesloch-Walldorf,Vaihingen (Enz),71.0,-37.0,18.75576,1.0,6.46667
Limburg Süd,Düsseldorf Hbf,57.0,-38.0,10.47833,1.0,1.03333
Solingen Hbf,Hamm (Westf) Hbf,9.0,-110.0,20.45441,1.0,-14.58333
Lutherstadt Wittenberg Hauptbahnhof,Halle (Saale) Hbf,0.0,-53.0,13.89952,1.0,-14.7
Siegburg/Bonn,Limburg Süd,7.0,-1.0,0.92279,1.0,0.10169
Oberhausen Hbf,Essen Hbf,49.0,0.0,12.0414,1.0,9.0678
Osnabrück Hbf,Emden Hbf,0.0,-81.0,20.36745,1.0,-18.16949
Rheine,Bremen Hbf,100.0,0.0,22.32064,1.0,17.59322
Garmisch-Partenkirchen,Murnau,2.0,-1.0,0.40616,1.0,0.06667
Murnau,Weilheim (Oberbay),2.0,-1.0,0.34403,1.0,0.01667
Weilheim (Oberbay),Halle (Saale) Hbf,30.0,-1.0,5.47441,1.0,1.38333
Halle (Saale) Hbf,München Hbf,23.0,-32.0,6.62038,1.0,-0.96667
Erfurt Hbf,Berlin Südkreuz,96.0,0.0,19.84638,1.0,17.55
Bochum Hbf,Wuppertal Hbf,7.0,-65.0,9.04939,1.0,-3.2
Würzburg Hbf,Frankfurt (Main) Hbf,68.0,0.0,12.14163,1.0,6.73333
Dortmund Hbf,Düsseldorf Hbf,36.0,-249.0,33.21858,1.0,-3.01667
Berlin Südkreuz,Naumburg (Saale) Hbf,55.0,-92.0,20.8061,1.0,-9.56667
Naumburg (Saale) Hbf,Kassel-Wilhelmshöhe,161.0,-81.0,24.71772,1.0,-0.48333
Eisenach,Jena Paradies,23.0,-65.0,13.28704,1.0,-3.28333
Jena Paradies,Lutherstadt Wittenberg Hauptbahnhof,64.0,0.0,15.04903,1.0,9.96667
Bitterfeld,Esslingen (Neckar),0.0,-130.0,24.15442,1.0,-16.76667
Esslingen (Neckar),Leipzig Hbf,126.0,0.0,23.21272,1.0,15.48333
Stuttgart Hbf,Neu-Ulm,11.0,-210.0,31.94312,1.0,-17.1
Neu-Ulm,Ulm Hbf,188.0,0.0,27.78603,1.0,14.93333
Ludwigslust,Berlin Gesundbrunnen,9.0,-40.0,8.46269,1.0,-3.75439
Berlin Hbf,Wittenberge,40.0,-11.0,8.92253,1.0,3.17544
Wolfsburg Hbf,Köthen,1.0,-15.0,1.97441,1.0,-0.28814
Köthen,Berlin Ostbahnhof,0.0,-11.0,1.43208,1.0,-0.18644
Berlin Hbf,Berlin-Wannsee,19.0,-11.0,4.84325,1.0,1.69492
